dataset,classifier,representation,C,affect_weight,model_variant,macro_f1_mean,macro_f1_std,balanced_accuracy_mean,balanced_accuracy_std,accuracy_mean,precision_mean,recall_mean,f1_mean,folds,rank_within_dataset
factors_finance,logistic_regression,word_char,10.0,0.5,emotion_aware,0.6357105194410191,0.02958111051566214,0.6366352201257861,0.029286958171055838,0.6366352201257861,0.6418398743387762,0.6246976294146106,0.6316336304972833,15,1
factors_finance,logistic_regression,word_char,10.0,0.05,emotion_aware,0.6352864406917585,0.030715698785729065,0.6360304789550072,0.030470021424085197,0.6360304789550072,0.6397035148462575,0.6246734397677793,0.6308390646592696,15,2
factors_finance,logistic_regression,word,1.0,0.25,emotion_aware,0.63513338995945,0.04901082603691152,0.6366715045960328,0.049035970245827835,0.6366715045960328,0.6507424864749816,0.5979196903725206,0.6210944900793294,15,3
factors_finance,logistic_regression,word_char,1.0,0.05,emotion_aware,0.6348942764390071,0.03104856762721333,0.6359941944847606,0.030937758539648235,0.6359941944847606,0.6412515720151712,0.6246976294146106,0.6309357174239321,15,4
factors_finance,linear_svm,word,1.0,0.1,emotion_aware,0.6346803217071848,0.03344354682771354,0.6353168843734881,0.0337075326173932,0.6353168843734881,0.6401159218068221,0.6220609579100145,0.629784973488201,15,5
factors_finance,linear_svm,word_char,1.0,0.05,emotion_aware,0.6331398946222895,0.03537497207971712,0.6341074020319303,0.03526355054709498,0.6341074020319303,0.6394544079993466,0.6195452346395742,0.6277092678767032,15,6
factors_finance,logistic_regression,word_char,1.0,0.1,emotion_aware,0.6328738914435292,0.03238129502031166,0.6341074020319303,0.03208349807586857,0.6341074020319303,0.6402166826423993,0.6183357522980164,0.6270506694153692,15,7
factors_finance,logistic_regression,word,10.0,0.1,emotion_aware,0.6327159114987977,0.02786021891530388,0.6334179970972423,0.02797795852278576,0.6334179970972423,0.6382050047287658,0.6195452346395742,0.6274789641508778,15,8
factors_finance,linear_svm,word_char,0.1,0.05,emotion_aware,0.6323882835811382,0.027566951670672635,0.6334421867440735,0.027405059998946768,0.6334421867440735,0.6383247053972838,0.6221335268505079,0.6283325149341736,15,9
factors_finance,logistic_regression,word_char,10.0,0.25,emotion_aware,0.6318033433301447,0.03193664048565405,0.6327890662796324,0.03165179205872672,0.6327890662796324,0.6374339685217585,0.6221093372036768,0.6280782669241703,15,10
factors_finance,linear_svm,word,0.1,0.25,emotion_aware,0.6317708479487318,0.054053255860116445,0.6334905660377358,0.054082391098421126,0.6334905660377359,0.6481266818416426,0.5928640541848088,0.6168725074515701,15,11
factors_finance,logistic_regression,word,1.0,0.1,emotion_aware,0.6311426964231495,0.03713784054024635,0.6321722302854378,0.03703942382227665,0.6321722302854378,0.6398194952518551,0.6106676342525399,0.623306286206456,15,12
factors_finance,logistic_regression,word_char,1.0,0.25,emotion_aware,0.6310308227554151,0.037198102739438,0.6327769714562167,0.03729478423564802,0.6327769714562167,0.641741182604974,0.610691823899371,0.622831655168165,15,13
factors_finance,linear_svm,word_char,0.1,0.1,emotion_aware,0.6307574273960886,0.030410533567019647,0.6321722302854378,0.02991778708070881,0.6321722302854378,0.6396831865713326,0.6132075471698113,0.6239039591936419,15,14
factors_finance,logistic_regression,word_char,10.0,1.0,emotion_aware,0.6306401341153886,0.028605962563789816,0.6315674891146589,0.028336770821433262,0.6315674891146589,0.6347702440719013,0.6247460087082729,0.62814622710308,15,15
factors_finance,linear_svm,word_char,1.0,0.0,text_only,0.630599579919306,0.03690348082510632,0.6315191098209966,0.036609282912498355,0.6315191098209966,0.6330077916091568,0.628471214320271,0.6291675615400002,15,16
factors_finance,logistic_regression,word_char,1.0,0.0,text_only,0.6303064323082375,0.04196575392872799,0.6314828253507498,0.04154772538530128,0.6314828253507498,0.6370473625320265,0.6182631833575231,0.6256220800166595,15,17
factors_finance,linear_svm,word_char,10.0,0.1,emotion_aware,0.6300372990128726,0.024561369539006776,0.6309506531204645,0.024457936217276086,0.6309506531204645,0.6336008506158533,0.6234155781325593,0.626920854205257,15,18
factors_finance,linear_svm,word_char,1.0,0.1,emotion_aware,0.6298504721909556,0.03299630598153036,0.6309143686502178,0.03278863862091721,0.6309143686502178,0.6350446077637665,0.6196178035800678,0.6255156412531357,15,19
factors_finance,linear_svm,word_char,0.1,0.25,emotion_aware,0.6298233804760967,0.03975037387016246,0.6314949201741655,0.03977698423249137,0.6314949201741655,0.6414093943738461,0.6055636187711659,0.620228676584347,15,20
factors_finance,logistic_regression,word,10.0,0.05,emotion_aware,0.6294651993892126,0.029303269953124635,0.6302249637155298,0.029234438112506877,0.6302249637155298,0.6331671984589867,0.6233430091920658,0.6268574067778657,15,21
factors_finance,linear_svm,word_char,1.0,0.25,emotion_aware,0.6292269543836979,0.028041089957947914,0.630273343009192,0.027791940591745088,0.630273343009192,0.6341985362160798,0.6196178035800678,0.6250907641887864,15,22
factors_finance,logistic_regression,word_char,10.0,0.0,text_only,0.6292127139438556,0.038753442439120676,0.630273343009192,0.03812191779217551,0.630273343009192,0.6334786546053911,0.6182873730043542,0.6241126646282731,15,23
factors_finance,linear_svm,word_char,0.1,0.0,text_only,0.6290349063692493,0.04230091816516083,0.6302128688921141,0.04180344119466971,0.6302128688921141,0.6358395560011514,0.6156990807934205,0.6237758606227289,15,24
factors_finance,linear_svm,word,0.1,0.05,emotion_aware,0.6283318261043349,0.03743928487345173,0.6289912917271407,0.037272344205620395,0.6289912917271409,0.6338156864324415,0.6132075471698113,0.622355150627103,15,25
factors_finance,linear_svm,word,1.0,0.25,emotion_aware,0.6282727338647363,0.03072105558069736,0.6289671020803096,0.030974749325248976,0.6289671020803096,0.6347364653144559,0.6118287373004354,0.6219338680738299,15,26
factors_finance,linear_svm,word,10.0,0.1,emotion_aware,0.6277911109645858,0.034311857670646206,0.6283865505563618,0.03471834357881993,0.6283865505563618,0.6308681911641936,0.624600870827286,0.626603972411856,15,27
factors_finance,linear_svm,word,1.0,0.05,emotion_aware,0.627634314856487,0.024839698412261673,0.6283381712626995,0.02498381232179797,0.6283381712626995,0.6322299722122625,0.6169811320754717,0.6232593902839068,15,28
factors_finance,logistic_regression,word,10.0,0.25,emotion_aware,0.6276188223670301,0.02927789775755679,0.628386550556362,0.02930227060158117,0.628386550556362,0.635041022579711,0.6068214804063861,0.6194915246363134,15,29
factors_finance,logistic_regression,word_char,10.0,0.1,emotion_aware,0.6267336899698103,0.03104662796775924,0.627721335268505,0.030898080760377776,0.6277213352685052,0.6326530146536022,0.6132075471698113,0.6211814079229663,15,30
factors_finance,linear_svm,word,0.1,0.1,emotion_aware,0.6266798511013955,0.036508508261556785,0.627697145621674,0.03642208164407622,0.6276971456216739,0.635242640496386,0.6055394291243348,0.6185291851611651,15,31
factors_finance,linear_svm,word,0.1,0.5,emotion_aware,0.6266769986078794,0.050207080922528846,0.6283865505563618,0.050643799092260945,0.6283865505563618,0.6435796861188293,0.5865021770682148,0.6112120510832664,15,32
factors_finance,linear_svm,word_char,10.0,0.05,emotion_aware,0.6266766113733948,0.03514663630057414,0.6277697145621673,0.03492916857690781,0.6277697145621673,0.6312600101648768,0.6195694242864054,0.6235294385793834,15,33
factors_finance,linear_svm,word,1.0,0.5,emotion_aware,0.6262718055663137,0.03195603580356001,0.6270561199806484,0.03215029200666705,0.6270561199806484,0.6339814826511889,0.6067247218190615,0.6188560968701349,15,34
factors_finance,logistic_regression,word_char,1.0,0.5,emotion_aware,0.6261026398277326,0.03610649064896561,0.6276608611514273,0.03635836780016905,0.6276608611514273,0.6375640884940709,0.6030237058538945,0.6171693022936535,15,35
factors_finance,linear_svm,word_char,1.0,0.5,emotion_aware,0.6259054866760055,0.028676403090869083,0.6270561199806484,0.028117426637152595,0.6270561199806484,0.6312039450400218,0.6157232704402517,0.6215739531782108,15,36
factors_finance,logistic_regression,word,1.0,0.05,emotion_aware,0.6258358768271026,0.03545764692724336,0.6264271891630382,0.035307303074243665,0.6264271891630382,0.6304455837633612,0.6144654088050314,0.6214388046230007,15,37
factors_finance,logistic_regression,word_char,0.1,0.0,text_only,0.6257356284207732,0.04080387981829669,0.627007740686986,0.04020550557944541,0.627007740686986,0.6340401198854206,0.608030962747944,0.6189234489121067,15,38
factors_finance,logistic_regression,word,0.1,0.05,emotion_aware,0.6256536518172469,0.043429958728574865,0.6264392839864538,0.04314520968182609,0.6264392839864538,0.633248621519718,0.6055394291243348,0.6180709196425532,15,39
factors_finance,logistic_regression,word,1.0,0.5,emotion_aware,0.6253784534407808,0.045838818707584494,0.6271165940977261,0.0461422382005514,0.6271165940977262,0.6410932644918151,0.5865021770682148,0.6100923657907853,15,40
factors_finance,linear_svm,word_char,1.0,1.0,emotion_aware,0.6252368002121081,0.031016214313757992,0.6264513788098695,0.030473169306612282,0.6264513788098695,0.6314908651940362,0.61192549588776,0.6196928547826102,15,41
factors_finance,linear_svm,word,10.0,0.25,emotion_aware,0.6250373509276617,0.03395011651640801,0.6257982583454281,0.034255746501718996,0.6257982583454281,0.6277828305439208,0.6233430091920658,0.6242058367907272,15,42
factors_finance,linear_svm,word,10.0,1.0,emotion_aware,0.6248799204978773,0.02734701351608942,0.6258103531688437,0.02760626459568296,0.6258103531688437,0.6283244204150555,0.6208272859216256,0.6229349117638127,15,43
factors_finance,linear_svm,word_char,10.0,0.5,emotion_aware,0.6248669036608617,0.029633773704158872,0.625858732462506,0.029721362624565532,0.625858732462506,0.6269955430966869,0.6221819061441703,0.6229059717013555,15,44
factors_finance,linear_svm,word_char,0.1,0.5,emotion_aware,0.6246824811558731,0.03496304565521506,0.6263667150459604,0.03528232413903354,0.6263667150459604,0.6375791516272095,0.596613449443638,0.6137168413997373,15,45
factors_finance,linear_svm,word_char,10.0,1.0,emotion_aware,0.6242350137116467,0.030964951666253182,0.6252298016448959,0.030970544141357213,0.6252298016448959,0.626805823448383,0.619641993226899,0.6215492063602817,15,46
factors_finance,logistic_regression,word,10.0,0.0,text_only,0.624068587615309,0.03896926681564209,0.6245041122399613,0.03883367520408676,0.6245041122399613,0.6263586324637689,0.6169327527818094,0.6209133994988715,15,47
factors_finance,linear_svm,word_char,10.0,0.25,emotion_aware,0.623755506820027,0.0299876409235606,0.624600870827286,0.03022895219279735,0.624600870827286,0.625873551081169,0.6195694242864054,0.6212378662468606,15,48
factors_finance,linear_svm,word,10.0,0.5,emotion_aware,0.6236258954776666,0.028257649336056307,0.6245283018867924,0.02855525895599368,0.6245283018867924,0.626657753748389,0.6208272859216256,0.6221505980383225,15,49
factors_finance,logistic_regression,word,10.0,1.0,emotion_aware,0.6231005298487668,0.030527379034949724,0.6239235607160135,0.03038489500570911,0.6239235607160135,0.629468890127907,0.6055152394775036,0.6160581515685551,15,50
factors_finance,linear_svm,word,1.0,1.0,emotion_aware,0.6230375436225083,0.030289553562138603,0.6238751814223512,0.03034236620940656,0.6238751814223512,0.6297762981559499,0.6067247218190615,0.6167412298585727,15,51
factors_finance,linear_svm,word,10.0,0.05,emotion_aware,0.6215786832253627,0.035828284322867665,0.6219762941461054,0.03597242104895657,0.6219762941461054,0.6247507405759589,0.6131107885824867,0.6182058285539187,15,52
factors_finance,logistic_regression,word_char,0.1,0.05,emotion_aware,0.6212915008706454,0.03974709234812969,0.6225447508466376,0.039240099052941395,0.6225447508466376,0.6260832152542456,0.6170053217223028,0.6195742540181012,15,53
factors_finance,logistic_regression,word,10.0,0.5,emotion_aware,0.6211883162291427,0.030183829593694138,0.6220125786163523,0.030154171416283865,0.6220125786163523,0.628157365461128,0.601693275278181,0.6134631225588536,15,54
factors_finance,logistic_regression,word_char,1.0,1.0,emotion_aware,0.621080025199043,0.037804793873856685,0.6225689404934688,0.03826302641265078,0.6225689404934688,0.6321874139470939,0.5966376390904693,0.6113966253331693,15,55
factors_finance,logistic_regression,word,1.0,0.0,text_only,0.620651001181073,0.05327562825425213,0.6213231736816643,0.05300418591857286,0.6213231736816642,0.6256104402202849,0.6093613933236575,0.6163977928553395,15,56
factors_finance,linear_svm,word,10.0,0.0,text_only,0.6204059141497574,0.041076869221476596,0.6206337687469763,0.041156403515459836,0.6206337687469763,0.6204174832003435,0.6219400096758587,0.6207840300769949,15,57
factors_finance,linear_svm,word,1.0,0.0,text_only,0.6201895552578148,0.03809059951701894,0.6206216739235607,0.038080168542603494,0.6206216739235607,0.6218651987587606,0.6181664247701983,0.6192670067896754,15,58
factors_finance,linear_svm,word,0.1,0.0,text_only,0.6199538901605349,0.05210091756231319,0.6206821480406386,0.05175400842807034,0.6206821480406386,0.6254113584654158,0.6067972907595549,0.614956867931915,15,59
factors_finance,linear_svm,word_char,0.1,1.0,emotion_aware,0.6190234714477884,0.04071056991568966,0.6206579583938076,0.040878529892534474,0.6206579583938076,0.6315702267386467,0.5876874697629415,0.6063941504980478,15,60
factors_finance,logistic_regression,word,0.1,0.0,text_only,0.6183684267100051,0.046415044547804415,0.6193396226415094,0.04603851393879315,0.6193396226415094,0.6276502212480284,0.5913884857281084,0.6079377922264306,15,61
factors_finance,logistic_regression,word,1.0,1.0,emotion_aware,0.6171394457095551,0.04978856693861977,0.6188316400580551,0.050271391351780395,0.6188316400580551,0.6307353336176197,0.5865021770682148,0.6051101310193847,15,62
factors_finance,logistic_regression,word_char,0.1,0.1,emotion_aware,0.6165194512070715,0.03830281688251962,0.618118045476536,0.03767452349427333,0.618118045476536,0.6263860699042259,0.5915578132559265,0.606247604926406,15,63
factors_finance,linear_svm,word,0.1,1.0,emotion_aware,0.6155821125231715,0.05022883184734311,0.617513304305757,0.05112779774396369,0.6175133043057571,0.6309336657840205,0.5839380745041123,0.6031701635433525,15,64
factors_finance,linear_svm,word_char,10.0,0.0,text_only,0.6142502031500298,0.038640178098904354,0.6156265118529269,0.037850973000322,0.6156265118529269,0.6172676360215963,0.6080793420416062,0.610566558771994,15,65
factors_finance,logistic_regression,word,0.1,0.1,emotion_aware,0.6042298415339158,0.05251908926333871,0.6054305757135946,0.051814829096945035,0.6054305757135946,0.6123608970848325,0.5749395258829221,0.5918781124732672,15,66
factors_finance,logistic_regression,word_char,0.1,0.25,emotion_aware,0.5906611138717783,0.04785840709348798,0.5919811320754716,0.047773021476695904,0.5919811320754716,0.5991136590575088,0.5582970488630866,0.5765863768407955,15,67
factors_finance,logistic_regression,word_char,0.1,0.5,emotion_aware,0.5904917326524097,0.04491486285418457,0.5919690372520561,0.04516351964792177,0.5919690372520561,0.6006487059767189,0.5583696178035801,0.5769633807059206,15,68
factors_finance,logistic_regression,word_char,0.1,1.0,emotion_aware,0.5828224898606257,0.03412341972958612,0.5843130140299951,0.03438238818666459,0.5843130140299951,0.5902955372790349,0.5634252539912917,0.5745129339624052,15,69
factors_finance,logistic_regression,word,0.1,0.5,emotion_aware,0.5766492953108034,0.04571332226319192,0.5785679729075955,0.046221440189692584,0.5785679729075955,0.5892602885684555,0.5327769714562167,0.5578529137426858,15,70
factors_finance,logistic_regression,word,0.1,1.0,emotion_aware,0.5702295412625024,0.035545070276451554,0.5716013546202225,0.03589954090317396,0.5716013546202225,0.5754455377155483,0.5570391872278665,0.5642182457095922,15,71
factors_finance,logistic_regression,word,0.1,0.25,emotion_aware,0.5672856420619198,0.05040950800182529,0.5689767779390421,0.050248947890262026,0.5689767779390421,0.5766530730804663,0.5262941461054669,0.5489874845835401,15,72
liar2_finance,linear_svm,word,0.1,0.05,emotion_aware,0.6633805116433794,0.03028943818917401,0.6635716563047983,0.030308753175497836,0.6635716563047983,0.6668709958349982,0.6542977841543122,0.6601833878686575,15,1
liar2_finance,logistic_regression,word,1.0,0.05,emotion_aware,0.6624419752290616,0.031463980813773704,0.662592858281524,0.03147929236504035,0.662592858281524,0.6651231612530737,0.6552686115096444,0.6598835037288148,15,2
liar2_finance,logistic_regression,word_char,1.0,0.05,emotion_aware,0.6612066901419958,0.026285554757998777,0.6614514586322334,0.026307651698130468,0.6614514586322334,0.6654896119222558,0.6503889685955683,0.6574267559473924,15,3
liar2_finance,logistic_regression,word_char,1.0,1.0,emotion_aware,0.6609524576033963,0.022215870292098924,0.6612976247409533,0.022018502620306746,0.6612976247409533,0.6665266280367512,0.6455125139486689,0.6553340618512565,15,4
liar2_finance,linear_svm,word,0.1,0.1,emotion_aware,0.6607046846343024,0.025847999373583463,0.6609612625538019,0.025810324238757554,0.6609612625538019,0.6660484269815002,0.6461565439183803,0.6555775047142302,15,5
liar2_finance,linear_svm,word_char,0.1,0.05,emotion_aware,0.6605684913616906,0.025837148966674398,0.6608002550613742,0.025880831881000346,0.6608002550613742,0.6649915904246329,0.6494133588394707,0.6567145003178141,15,6
liar2_finance,logistic_regression,word_char,1.0,0.25,emotion_aware,0.6605148626862207,0.02285635980837081,0.6608050374621394,0.022716118876232837,0.6608050374621394,0.6655751663889202,0.6464833413040013,0.6554540675089151,15,7
liar2_finance,linear_svm,word_char,0.1,0.25,emotion_aware,0.6604969736326158,0.022323087679871463,0.6608042403953451,0.022155976555538335,0.6608042403953451,0.6656414499417413,0.6461581380519686,0.6552940956291169,15,8
liar2_finance,logistic_regression,word_char,1.0,0.5,emotion_aware,0.6604821805148298,0.02173260890496104,0.6608066315957277,0.021540327878787,0.6608066315957277,0.6655952949271747,0.646486529571178,0.6553986687990142,15,9
liar2_finance,linear_svm,word_char,0.1,1.0,emotion_aware,0.6601190599314238,0.022257075384387665,0.6604806312769009,0.022051497259699786,0.660480631276901,0.6664781170328868,0.6425809022796111,0.6538067839464338,15,10
liar2_finance,linear_svm,word_char,0.1,0.5,emotion_aware,0.6601029576977514,0.022420074411853577,0.6604782400765183,0.022205249083475136,0.6604782400765185,0.666062168919225,0.6438801211541527,0.6542209227095618,15,11
liar2_finance,logistic_regression,word,1.0,0.1,emotion_aware,0.6599179256382611,0.026111060184047487,0.660149051490515,0.02608898982723676,0.660149051490515,0.6644118086076795,0.6474589510600988,0.6554642624263276,15,12
liar2_finance,linear_svm,word,0.1,0.25,emotion_aware,0.6588069212942046,0.026192250275210088,0.6591766300015941,0.026030186082995826,0.6591766300015941,0.6665469791839559,0.6370444763271161,0.6510546816273963,15,13
liar2_finance,logistic_regression,word_char,0.1,0.05,emotion_aware,0.6584402909087107,0.022952909320699814,0.658691216323928,0.022995657937947476,0.658691216323928,0.6621413172674105,0.6497529092937988,0.6554261092965431,15,14
liar2_finance,logistic_regression,word,0.1,0.05,emotion_aware,0.6580455722068072,0.027873303169059407,0.658206599713056,0.02784047029098633,0.658206599713056,0.6618780866058086,0.6471417184760083,0.6541919060899519,15,15
liar2_finance,logistic_regression,word,1.0,0.25,emotion_aware,0.6579825905995731,0.025933944404487725,0.658364418938307,0.025774800548965082,0.658364418938307,0.6651348348599745,0.6380232743503905,0.6508113619001532,15,16
liar2_finance,linear_svm,word_char,0.1,0.1,emotion_aware,0.6576359200513456,0.025560535559447234,0.6578670492587279,0.02553600295085472,0.6578670492587279,0.6624736094600984,0.6441973537382432,0.6528690786271623,15,17
liar2_finance,logistic_regression,word_char,0.1,0.1,emotion_aware,0.6575457057708651,0.026985053923616317,0.6577100271002709,0.02695714003053946,0.6577100271002709,0.6610703970971183,0.647463733460864,0.653940732380848,15,18
liar2_finance,logistic_regression,word,1.0,0.5,emotion_aware,0.6566246495700341,0.026932103592004826,0.6570620117965885,0.026674516900906463,0.6570620117965885,0.6643893160515201,0.6347712418300654,0.6487147015626842,15,19
liar2_finance,logistic_regression,word_char,1.0,0.1,emotion_aware,0.6561550499041066,0.02573757419207756,0.6564044316913757,0.025710803871854735,0.6564044316913757,0.6606894219059529,0.6438753387533875,0.6517836705437936,15,20
liar2_finance,linear_svm,word_char,0.1,0.0,text_only,0.655218969993215,0.024260610116669662,0.6554328072692492,0.024329297556722293,0.6554328072692492,0.6589671284360767,0.645504543280727,0.6517941888662747,15,21
liar2_finance,logistic_regression,word_char,1.0,0.0,text_only,0.6542237532100834,0.02340774461613989,0.6544564004463573,0.023489801274294154,0.6544564004463573,0.6578346287705141,0.6448525426430735,0.6508659080615763,15,22
liar2_finance,linear_svm,word,0.1,0.0,text_only,0.6540697546352007,0.0273907413550608,0.654293001753547,0.02743978775775755,0.654293001753547,0.6578487482937734,0.6441973537382432,0.6505718161083826,15,23
liar2_finance,logistic_regression,word_char,0.1,0.25,emotion_aware,0.654007650273366,0.02337221531189992,0.6541296030607365,0.023365654902784472,0.6541296030607365,0.6582699620687041,0.6412769010043041,0.6495333391839576,15,24
liar2_finance,logistic_regression,word,1.0,1.0,emotion_aware,0.6540055903376467,0.02560806717037846,0.6544611828471225,0.025268591471082676,0.6544611828471225,0.6617472585261335,0.6318460066953612,0.6459154745894959,15,25
liar2_finance,linear_svm,word,0.1,0.5,emotion_aware,0.6536299960965832,0.026393513458493906,0.6541351825282959,0.026018871037587512,0.6541351825282959,0.6625765040427856,0.6279371911366172,0.6442801111910726,15,26
liar2_finance,linear_svm,word,0.1,1.0,emotion_aware,0.6534862371173755,0.02509605059026081,0.6539765662362506,0.02475097586794558,0.6539765662362507,0.6621693085594563,0.6285907859078591,0.6444287146460632,15,27
liar2_finance,logistic_regression,word,1.0,0.0,text_only,0.6527743466893984,0.02711814188971901,0.6529945799457995,0.027153709651998256,0.6529945799457995,0.6561814798498146,0.6438817152877411,0.6495923884026636,15,28
liar2_finance,logistic_regression,word_char,0.1,0.0,text_only,0.6525381782074275,0.023275090947660403,0.6528303841861949,0.023441471343560248,0.6528303841861949,0.6553227683455706,0.647463733460864,0.6507916442109916,15,29
liar2_finance,logistic_regression,word,0.1,0.0,text_only,0.6500519479104706,0.026465544854734253,0.6502327435039057,0.02648668316054567,0.6502327435039057,0.6513404031656402,0.6474669217280408,0.6490612431233624,15,30
liar2_finance,logistic_regression,word,10.0,0.5,emotion_aware,0.6492043931771135,0.016906519309294248,0.6494229236410011,0.016921553874302345,0.6494229236410012,0.6524877333712117,0.640302885381795,0.6459680084201864,15,31
liar2_finance,logistic_regression,word_char,0.1,0.5,emotion_aware,0.6490998609105904,0.023926789008011155,0.6494173441734417,0.023736592933830417,0.6494173441734418,0.6565628816534133,0.6259875657580106,0.6406790638585295,15,32
liar2_finance,logistic_regression,word,10.0,1.0,emotion_aware,0.6488874348547817,0.01751331899590661,0.6490985174557627,0.01750891404075,0.6490985174557627,0.6520162093408118,0.6403044795153835,0.6457511049829513,15,33
liar2_finance,logistic_regression,word,10.0,0.25,emotion_aware,0.6488683015095581,0.016623714122465803,0.6490961262553802,0.0166612892740691,0.6490961262553802,0.6521831610259226,0.6399760879961741,0.645632601217758,15,34
liar2_finance,logistic_regression,word,10.0,0.05,emotion_aware,0.6488367782686668,0.018565374107848354,0.649095329188586,0.018643646737696067,0.649095329188586,0.651684004319065,0.6419273075083692,0.6463019534368757,15,35
liar2_finance,logistic_regression,word,10.0,0.1,emotion_aware,0.6485130209063213,0.018674277646248048,0.6487709230033476,0.018716086919570003,0.6487709230033477,0.6519132647270602,0.6399792762633508,0.6454417372115894,15,36
liar2_finance,logistic_regression,word_char,10.0,0.25,emotion_aware,0.6472094787652021,0.025160821853504167,0.6474446038578032,0.02515986992168474,0.6474446038578032,0.650715019926318,0.636373346086402,0.6430944535029465,15,37
liar2_finance,logistic_regression,word_char,10.0,0.1,emotion_aware,0.6465701343456925,0.025743056862074457,0.6468005738880918,0.025765293022077508,0.6468005738880919,0.6501675696768273,0.6354009245974813,0.6423414335747925,15,38
liar2_finance,logistic_regression,word_char,10.0,1.0,emotion_aware,0.646227657417687,0.025335253177984827,0.6464729794356767,0.025322175777265466,0.6464729794356767,0.650117627991987,0.6344237207077953,0.6417992295329012,15,39
liar2_finance,logistic_regression,word_char,10.0,0.5,emotion_aware,0.6460679966013955,0.025777647374732218,0.6463087836760721,0.025756038343930813,0.6463087836760721,0.649753396887706,0.6347473298262395,0.6417913065436414,15,40
liar2_finance,logistic_regression,word_char,10.0,0.0,text_only,0.6455995249254639,0.02677322534816623,0.6458297465327595,0.02679725013716796,0.6458297465327595,0.6493242832691933,0.6337796907380838,0.6411071785892379,15,41
liar2_finance,linear_svm,word,1.0,0.1,emotion_aware,0.6447540662239607,0.015060974484996211,0.6450271002710027,0.015115207913378828,0.6450271002710027,0.6481766104081153,0.6357404750518093,0.6414307330104119,15,42
liar2_finance,linear_svm,word,1.0,0.25,emotion_aware,0.6442926379723912,0.01710514665160683,0.6445416865933365,0.01723328229985648,0.6445416865933365,0.6482531559156288,0.6337956320739678,0.6405271585287913,15,43
liar2_finance,linear_svm,word,1.0,0.5,emotion_aware,0.6439361937746502,0.01763030232453275,0.6442172804080982,0.01775993596380782,0.6442172804080982,0.6479806538155193,0.6334720229555236,0.6401659832663373,15,44
liar2_finance,linear_svm,word,1.0,1.0,emotion_aware,0.6437665100968427,0.01775396403631876,0.6440546787820819,0.01786955379213822,0.6440546787820819,0.6478525487693815,0.6331468197034912,0.639927120572428,15,45
liar2_finance,logistic_regression,word_char,10.0,0.05,emotion_aware,0.643640419809015,0.024721952003552646,0.6438705563526224,0.024791926419519376,0.6438705563526224,0.6470604668309998,0.6331181252989,0.6396464958527821,15,46
liar2_finance,logistic_regression,word,10.0,0.0,text_only,0.643560330624852,0.020034985619668183,0.643880918220947,0.02006460236744113,0.643880918220947,0.6468493212011652,0.6357404750518093,0.6406902047366538,15,47
liar2_finance,linear_svm,word,1.0,0.0,text_only,0.6407975095814321,0.020191299350769226,0.6411174876454647,0.020195157770063747,0.6411174876454647,0.6443102881110956,0.6318316594930654,0.6374876431771067,15,48
liar2_finance,logistic_regression,word_char,0.1,1.0,emotion_aware,0.6407618400179749,0.028762092264722164,0.6411198788458473,0.028616509936347307,0.6411198788458473,0.6484029495628246,0.6162187151283278,0.6316509645290906,15,49
liar2_finance,linear_svm,word,1.0,0.05,emotion_aware,0.6406381272501979,0.017457965930549647,0.6409564801530367,0.017470974797986323,0.6409564801530369,0.644166264709052,0.6311780647218236,0.637078334686269,15,50
liar2_finance,linear_svm,word_char,1.0,0.0,text_only,0.6405694517927153,0.027554260765844517,0.640775545990754,0.02760618423337382,0.640775545990754,0.6440950304074289,0.6295424836601308,0.6364213570938415,15,51
liar2_finance,linear_svm,word_char,1.0,0.5,emotion_aware,0.640009291837025,0.028139270344236026,0.64028295871194,0.028061900287897748,0.64028295871194,0.6443200516166586,0.6256193208990913,0.6344726557364624,15,52
liar2_finance,linear_svm,word_char,1.0,1.0,emotion_aware,0.6395244428213671,0.027899293163187917,0.6397951538338913,0.027814722258878797,0.6397951538338913,0.6438685345838677,0.6249689143950263,0.6339295202023448,15,53
liar2_finance,linear_svm,word_char,1.0,0.1,emotion_aware,0.6391845368484381,0.02628463180426624,0.639470747648653,0.026215433731954715,0.639470747648653,0.6429409077838952,0.626268133269568,0.6340882106959022,15,54
liar2_finance,linear_svm,word_char,1.0,0.25,emotion_aware,0.6388691447649123,0.028368686225851605,0.6391407619958553,0.02830804121414089,0.6391407619958553,0.6430269812349665,0.6249657261278495,0.6335038420861915,15,55
liar2_finance,logistic_regression,word,0.1,0.1,emotion_aware,0.6385969182446039,0.026604405314015617,0.6386688984536905,0.026611320283225107,0.6386688984536905,0.6406796654674142,0.6324932249322494,0.6364515460276661,15,56
liar2_finance,linear_svm,word_char,1.0,0.05,emotion_aware,0.6377275157375418,0.027114711617081195,0.638004941814124,0.027077893247821148,0.638004941814124,0.6415098103900093,0.624967320261438,0.6327322670277052,15,57
liar2_finance,logistic_regression,word,0.1,0.25,emotion_aware,0.6302811616047738,0.02887050639765568,0.630367447792125,0.028884391832139523,0.630367447792125,0.6324086610058604,0.6230479834210106,0.627571579086487,15,58
liar2_finance,linear_svm,word_char,10.0,0.5,emotion_aware,0.6249928811134795,0.025735408910698383,0.6253148413837079,0.02579917099040017,0.6253148413837079,0.6276727890840714,0.6161804559222063,0.621355093774337,15,59
liar2_finance,linear_svm,word_char,10.0,1.0,emotion_aware,0.624657639818248,0.025416753004235102,0.6249896381316754,0.02547806008530169,0.6249896381316754,0.6274320928949888,0.6155300494181412,0.6208921068751249,15,60
liar2_finance,linear_svm,word,10.0,0.05,emotion_aware,0.6245577193180375,0.019824964701919533,0.624842180774749,0.01991080258011963,0.624842180774749,0.6267146770416974,0.6191327913279133,0.6224244470424637,15,61
liar2_finance,linear_svm,word,10.0,0.1,emotion_aware,0.6243861396113985,0.019124036565201487,0.6246803762155267,0.019169649227144262,0.624680376215527,0.6263969944077883,0.6194611828471225,0.622418402489735,15,62
liar2_finance,linear_svm,word_char,10.0,0.25,emotion_aware,0.6240136203641036,0.025702975792143423,0.6243392316276104,0.025750942544510907,0.6243392316276104,0.626605384790206,0.6152032520325204,0.6203340965619633,15,63
liar2_finance,linear_svm,word,10.0,0.25,emotion_aware,0.6239023504448148,0.019580907852419917,0.624191774270684,0.019636757737870218,0.624191774270684,0.6255975165229585,0.6204367926032202,0.6225182389075583,15,64
liar2_finance,linear_svm,word_char,10.0,0.1,emotion_aware,0.6238853223322885,0.027164863020845805,0.6241790212019768,0.027161470340542303,0.6241790212019768,0.6263483929359938,0.614882831181253,0.6201080850959205,15,65
liar2_finance,logistic_regression,word,0.1,0.5,emotion_aware,0.6235033413542937,0.023749081518802995,0.6238633827514746,0.023599631148960576,0.6238633827514746,0.629793093551705,0.6009230033476806,0.6147425970138901,15,66
liar2_finance,linear_svm,word,10.0,1.0,emotion_aware,0.6234199807760041,0.018751119783740666,0.6237039693926351,0.018817212461021124,0.6237039693926351,0.6250935909711806,0.6197879802327435,0.621951066843292,15,67
liar2_finance,linear_svm,word,10.0,0.5,emotion_aware,0.6234135043732516,0.01949009862066975,0.6237039693926351,0.01954819726009545,0.6237039693926351,0.6251188045635133,0.6197879802327435,0.62195323042049,15,68
liar2_finance,linear_svm,word_char,10.0,0.05,emotion_aware,0.6234034459211414,0.02529486530778248,0.6236880280567512,0.0253322173974015,0.6236880280567512,0.6256918913473833,0.6158616292045274,0.6202791139694238,15,69
liar2_finance,linear_svm,word_char,10.0,0.0,text_only,0.6216436994164225,0.024944154879149538,0.6218978160369839,0.025027858889629623,0.6218978160369839,0.6231801459009747,0.6171640363462458,0.6197221742307556,15,70
liar2_finance,linear_svm,word,10.0,0.0,text_only,0.6203485144225657,0.01932754080531753,0.6206121472979436,0.019384192247583847,0.6206121472979436,0.6218934113430664,0.6181635581061692,0.6195799784272088,15,71
liar2_finance,logistic_regression,word,0.1,1.0,emotion_aware,0.6166645520479291,0.024246843263265233,0.6171943248844253,0.02389930184032692,0.6171943248844253,0.624084993322946,0.5888793240873585,0.6056114442707243,15,72
