dataset,repetition,seed,model,classifier,representation,C,affect_weight,scope,subset,manipulation_category,rows,detected_misleading,missed_misleading,misleading_recall
liar2_finance,1,11,text_only,linear_svm,word_char,0.1,,overall,all,all,1123,541,582,0.4817453250222618
liar2_finance,1,11,text_only,linear_svm,word_char,0.1,,overall_non_sentiment,all,non_sentiment,917,449,468,0.48964013086150493
liar2_finance,1,11,text_only,linear_svm,word_char,0.1,,subset,hard_case,all,123,44,79,0.35772357723577236
liar2_finance,1,11,text_only,linear_svm,word_char,0.1,,subset_non_sentiment,hard_case,non_sentiment,70,27,43,0.38571428571428573
liar2_finance,1,11,text_only,linear_svm,word_char,0.1,,subset,main,all,1000,497,503,0.497
liar2_finance,1,11,text_only,linear_svm,word_char,0.1,,subset_non_sentiment,main,non_sentiment,847,422,425,0.4982290436835891
liar2_finance,1,11,text_only,linear_svm,word_char,0.1,,category,all,causal,231,126,105,0.5454545454545454
liar2_finance,1,11,text_only,linear_svm,word_char,0.1,,category,all,flipping,313,145,168,0.46325878594249204
liar2_finance,1,11,text_only,linear_svm,word_char,0.1,,category,all,numerical,373,178,195,0.4772117962466488
liar2_finance,1,11,text_only,linear_svm,word_char,0.1,,category,all,sentiment,206,92,114,0.44660194174757284
liar2_finance,1,11,text_only,linear_svm,word_char,0.1,,subset_category,hard_case,causal,43,20,23,0.46511627906976744
liar2_finance,1,11,text_only,linear_svm,word_char,0.1,,subset_category,hard_case,flipping,7,3,4,0.42857142857142855
liar2_finance,1,11,text_only,linear_svm,word_char,0.1,,subset_category,hard_case,numerical,20,4,16,0.2
liar2_finance,1,11,text_only,linear_svm,word_char,0.1,,subset_category,hard_case,sentiment,53,17,36,0.32075471698113206
liar2_finance,1,11,text_only,linear_svm,word_char,0.1,,subset_category,main,causal,188,106,82,0.5638297872340425
liar2_finance,1,11,text_only,linear_svm,word_char,0.1,,subset_category,main,flipping,306,142,164,0.46405228758169936
liar2_finance,1,11,text_only,linear_svm,word_char,0.1,,subset_category,main,numerical,353,174,179,0.49291784702549574
liar2_finance,1,11,text_only,linear_svm,word_char,0.1,,subset_category,main,sentiment,153,75,78,0.49019607843137253
liar2_finance,1,11,emotion_aware,linear_svm,word_char,0.1,0.05,overall,all,all,1123,442,681,0.3935886019590383
liar2_finance,1,11,emotion_aware,linear_svm,word_char,0.1,0.05,overall_non_sentiment,all,non_sentiment,917,373,544,0.40676117775354415
liar2_finance,1,11,emotion_aware,linear_svm,word_char,0.1,0.05,subset,hard_case,all,123,30,93,0.24390243902439024
liar2_finance,1,11,emotion_aware,linear_svm,word_char,0.1,0.05,subset_non_sentiment,hard_case,non_sentiment,70,18,52,0.2571428571428571
liar2_finance,1,11,emotion_aware,linear_svm,word_char,0.1,0.05,subset,main,all,1000,412,588,0.412
liar2_finance,1,11,emotion_aware,linear_svm,word_char,0.1,0.05,subset_non_sentiment,main,non_sentiment,847,355,492,0.41912632821723733
liar2_finance,1,11,emotion_aware,linear_svm,word_char,0.1,0.05,category,all,causal,231,98,133,0.42424242424242425
liar2_finance,1,11,emotion_aware,linear_svm,word_char,0.1,0.05,category,all,flipping,313,147,166,0.4696485623003195
liar2_finance,1,11,emotion_aware,linear_svm,word_char,0.1,0.05,category,all,numerical,373,128,245,0.34316353887399464
liar2_finance,1,11,emotion_aware,linear_svm,word_char,0.1,0.05,category,all,sentiment,206,69,137,0.33495145631067963
liar2_finance,1,11,emotion_aware,linear_svm,word_char,0.1,0.05,subset_category,hard_case,causal,43,15,28,0.3488372093023256
liar2_finance,1,11,emotion_aware,linear_svm,word_char,0.1,0.05,subset_category,hard_case,flipping,7,3,4,0.42857142857142855
liar2_finance,1,11,emotion_aware,linear_svm,word_char,0.1,0.05,subset_category,hard_case,numerical,20,0,20,0.0
liar2_finance,1,11,emotion_aware,linear_svm,word_char,0.1,0.05,subset_category,hard_case,sentiment,53,12,41,0.22641509433962265
liar2_finance,1,11,emotion_aware,linear_svm,word_char,0.1,0.05,subset_category,main,causal,188,83,105,0.44148936170212766
liar2_finance,1,11,emotion_aware,linear_svm,word_char,0.1,0.05,subset_category,main,flipping,306,144,162,0.47058823529411764
liar2_finance,1,11,emotion_aware,linear_svm,word_char,0.1,0.05,subset_category,main,numerical,353,128,225,0.3626062322946176
liar2_finance,1,11,emotion_aware,linear_svm,word_char,0.1,0.05,subset_category,main,sentiment,153,57,96,0.37254901960784315
liar2_finance,2,22,text_only,linear_svm,word_char,0.1,,overall,all,all,1123,541,582,0.4817453250222618
liar2_finance,2,22,text_only,linear_svm,word_char,0.1,,overall_non_sentiment,all,non_sentiment,917,449,468,0.48964013086150493
liar2_finance,2,22,text_only,linear_svm,word_char,0.1,,subset,hard_case,all,123,44,79,0.35772357723577236
liar2_finance,2,22,text_only,linear_svm,word_char,0.1,,subset_non_sentiment,hard_case,non_sentiment,70,27,43,0.38571428571428573
liar2_finance,2,22,text_only,linear_svm,word_char,0.1,,subset,main,all,1000,497,503,0.497
liar2_finance,2,22,text_only,linear_svm,word_char,0.1,,subset_non_sentiment,main,non_sentiment,847,422,425,0.4982290436835891
liar2_finance,2,22,text_only,linear_svm,word_char,0.1,,category,all,causal,231,126,105,0.5454545454545454
liar2_finance,2,22,text_only,linear_svm,word_char,0.1,,category,all,flipping,313,145,168,0.46325878594249204
liar2_finance,2,22,text_only,linear_svm,word_char,0.1,,category,all,numerical,373,178,195,0.4772117962466488
liar2_finance,2,22,text_only,linear_svm,word_char,0.1,,category,all,sentiment,206,92,114,0.44660194174757284
liar2_finance,2,22,text_only,linear_svm,word_char,0.1,,subset_category,hard_case,causal,43,20,23,0.46511627906976744
liar2_finance,2,22,text_only,linear_svm,word_char,0.1,,subset_category,hard_case,flipping,7,3,4,0.42857142857142855
liar2_finance,2,22,text_only,linear_svm,word_char,0.1,,subset_category,hard_case,numerical,20,4,16,0.2
liar2_finance,2,22,text_only,linear_svm,word_char,0.1,,subset_category,hard_case,sentiment,53,17,36,0.32075471698113206
liar2_finance,2,22,text_only,linear_svm,word_char,0.1,,subset_category,main,causal,188,106,82,0.5638297872340425
liar2_finance,2,22,text_only,linear_svm,word_char,0.1,,subset_category,main,flipping,306,142,164,0.46405228758169936
liar2_finance,2,22,text_only,linear_svm,word_char,0.1,,subset_category,main,numerical,353,174,179,0.49291784702549574
liar2_finance,2,22,text_only,linear_svm,word_char,0.1,,subset_category,main,sentiment,153,75,78,0.49019607843137253
liar2_finance,2,22,emotion_aware,linear_svm,word,0.1,0.05,overall,all,all,1123,392,731,0.3490650044523598
liar2_finance,2,22,emotion_aware,linear_svm,word,0.1,0.05,overall_non_sentiment,all,non_sentiment,917,320,597,0.3489640130861505
liar2_finance,2,22,emotion_aware,linear_svm,word,0.1,0.05,subset,hard_case,all,123,29,94,0.23577235772357724
liar2_finance,2,22,emotion_aware,linear_svm,word,0.1,0.05,subset_non_sentiment,hard_case,non_sentiment,70,17,53,0.24285714285714285
liar2_finance,2,22,emotion_aware,linear_svm,word,0.1,0.05,subset,main,all,1000,363,637,0.363
liar2_finance,2,22,emotion_aware,linear_svm,word,0.1,0.05,subset_non_sentiment,main,non_sentiment,847,303,544,0.3577331759149941
liar2_finance,2,22,emotion_aware,linear_svm,word,0.1,0.05,category,all,causal,231,87,144,0.37662337662337664
liar2_finance,2,22,emotion_aware,linear_svm,word,0.1,0.05,category,all,flipping,313,140,173,0.4472843450479233
liar2_finance,2,22,emotion_aware,linear_svm,word,0.1,0.05,category,all,numerical,373,93,280,0.24932975871313673
liar2_finance,2,22,emotion_aware,linear_svm,word,0.1,0.05,category,all,sentiment,206,72,134,0.34951456310679613
liar2_finance,2,22,emotion_aware,linear_svm,word,0.1,0.05,subset_category,hard_case,causal,43,13,30,0.3023255813953488
liar2_finance,2,22,emotion_aware,linear_svm,word,0.1,0.05,subset_category,hard_case,flipping,7,4,3,0.5714285714285714
liar2_finance,2,22,emotion_aware,linear_svm,word,0.1,0.05,subset_category,hard_case,numerical,20,0,20,0.0
liar2_finance,2,22,emotion_aware,linear_svm,word,0.1,0.05,subset_category,hard_case,sentiment,53,12,41,0.22641509433962265
liar2_finance,2,22,emotion_aware,linear_svm,word,0.1,0.05,subset_category,main,causal,188,74,114,0.39361702127659576
liar2_finance,2,22,emotion_aware,linear_svm,word,0.1,0.05,subset_category,main,flipping,306,136,170,0.4444444444444444
liar2_finance,2,22,emotion_aware,linear_svm,word,0.1,0.05,subset_category,main,numerical,353,93,260,0.26345609065155806
liar2_finance,2,22,emotion_aware,linear_svm,word,0.1,0.05,subset_category,main,sentiment,153,60,93,0.39215686274509803
liar2_finance,3,33,text_only,linear_svm,word_char,0.1,,overall,all,all,1123,541,582,0.4817453250222618
liar2_finance,3,33,text_only,linear_svm,word_char,0.1,,overall_non_sentiment,all,non_sentiment,917,449,468,0.48964013086150493
liar2_finance,3,33,text_only,linear_svm,word_char,0.1,,subset,hard_case,all,123,44,79,0.35772357723577236
liar2_finance,3,33,text_only,linear_svm,word_char,0.1,,subset_non_sentiment,hard_case,non_sentiment,70,27,43,0.38571428571428573
liar2_finance,3,33,text_only,linear_svm,word_char,0.1,,subset,main,all,1000,497,503,0.497
liar2_finance,3,33,text_only,linear_svm,word_char,0.1,,subset_non_sentiment,main,non_sentiment,847,422,425,0.4982290436835891
liar2_finance,3,33,text_only,linear_svm,word_char,0.1,,category,all,causal,231,126,105,0.5454545454545454
liar2_finance,3,33,text_only,linear_svm,word_char,0.1,,category,all,flipping,313,145,168,0.46325878594249204
liar2_finance,3,33,text_only,linear_svm,word_char,0.1,,category,all,numerical,373,178,195,0.4772117962466488
liar2_finance,3,33,text_only,linear_svm,word_char,0.1,,category,all,sentiment,206,92,114,0.44660194174757284
liar2_finance,3,33,text_only,linear_svm,word_char,0.1,,subset_category,hard_case,causal,43,20,23,0.46511627906976744
liar2_finance,3,33,text_only,linear_svm,word_char,0.1,,subset_category,hard_case,flipping,7,3,4,0.42857142857142855
liar2_finance,3,33,text_only,linear_svm,word_char,0.1,,subset_category,hard_case,numerical,20,4,16,0.2
liar2_finance,3,33,text_only,linear_svm,word_char,0.1,,subset_category,hard_case,sentiment,53,17,36,0.32075471698113206
liar2_finance,3,33,text_only,linear_svm,word_char,0.1,,subset_category,main,causal,188,106,82,0.5638297872340425
liar2_finance,3,33,text_only,linear_svm,word_char,0.1,,subset_category,main,flipping,306,142,164,0.46405228758169936
liar2_finance,3,33,text_only,linear_svm,word_char,0.1,,subset_category,main,numerical,353,174,179,0.49291784702549574
liar2_finance,3,33,text_only,linear_svm,word_char,0.1,,subset_category,main,sentiment,153,75,78,0.49019607843137253
liar2_finance,3,33,emotion_aware,logistic_regression,word_char,0.1,0.05,overall,all,all,1123,452,671,0.402493321460374
liar2_finance,3,33,emotion_aware,logistic_regression,word_char,0.1,0.05,overall_non_sentiment,all,non_sentiment,917,374,543,0.4078516902944384
liar2_finance,3,33,emotion_aware,logistic_regression,word_char,0.1,0.05,subset,hard_case,all,123,33,90,0.2682926829268293
liar2_finance,3,33,emotion_aware,logistic_regression,word_char,0.1,0.05,subset_non_sentiment,hard_case,non_sentiment,70,16,54,0.22857142857142856
liar2_finance,3,33,emotion_aware,logistic_regression,word_char,0.1,0.05,subset,main,all,1000,419,581,0.419
liar2_finance,3,33,emotion_aware,logistic_regression,word_char,0.1,0.05,subset_non_sentiment,main,non_sentiment,847,358,489,0.42266824085005905
liar2_finance,3,33,emotion_aware,logistic_regression,word_char,0.1,0.05,category,all,causal,231,86,145,0.3722943722943723
liar2_finance,3,33,emotion_aware,logistic_regression,word_char,0.1,0.05,category,all,flipping,313,184,129,0.5878594249201278
liar2_finance,3,33,emotion_aware,logistic_regression,word_char,0.1,0.05,category,all,numerical,373,104,269,0.27882037533512066
liar2_finance,3,33,emotion_aware,logistic_regression,word_char,0.1,0.05,category,all,sentiment,206,78,128,0.3786407766990291
liar2_finance,3,33,emotion_aware,logistic_regression,word_char,0.1,0.05,subset_category,hard_case,causal,43,12,31,0.27906976744186046
liar2_finance,3,33,emotion_aware,logistic_regression,word_char,0.1,0.05,subset_category,hard_case,flipping,7,4,3,0.5714285714285714
liar2_finance,3,33,emotion_aware,logistic_regression,word_char,0.1,0.05,subset_category,hard_case,numerical,20,0,20,0.0
liar2_finance,3,33,emotion_aware,logistic_regression,word_char,0.1,0.05,subset_category,hard_case,sentiment,53,17,36,0.32075471698113206
liar2_finance,3,33,emotion_aware,logistic_regression,word_char,0.1,0.05,subset_category,main,causal,188,74,114,0.39361702127659576
liar2_finance,3,33,emotion_aware,logistic_regression,word_char,0.1,0.05,subset_category,main,flipping,306,180,126,0.5882352941176471
liar2_finance,3,33,emotion_aware,logistic_regression,word_char,0.1,0.05,subset_category,main,numerical,353,104,249,0.29461756373937675
liar2_finance,3,33,emotion_aware,logistic_regression,word_char,0.1,0.05,subset_category,main,sentiment,153,61,92,0.39869281045751637
liar2_finance,4,44,text_only,linear_svm,word_char,0.1,,overall,all,all,1123,541,582,0.4817453250222618
liar2_finance,4,44,text_only,linear_svm,word_char,0.1,,overall_non_sentiment,all,non_sentiment,917,449,468,0.48964013086150493
liar2_finance,4,44,text_only,linear_svm,word_char,0.1,,subset,hard_case,all,123,44,79,0.35772357723577236
liar2_finance,4,44,text_only,linear_svm,word_char,0.1,,subset_non_sentiment,hard_case,non_sentiment,70,27,43,0.38571428571428573
liar2_finance,4,44,text_only,linear_svm,word_char,0.1,,subset,main,all,1000,497,503,0.497
liar2_finance,4,44,text_only,linear_svm,word_char,0.1,,subset_non_sentiment,main,non_sentiment,847,422,425,0.4982290436835891
liar2_finance,4,44,text_only,linear_svm,word_char,0.1,,category,all,causal,231,126,105,0.5454545454545454
liar2_finance,4,44,text_only,linear_svm,word_char,0.1,,category,all,flipping,313,145,168,0.46325878594249204
liar2_finance,4,44,text_only,linear_svm,word_char,0.1,,category,all,numerical,373,178,195,0.4772117962466488
liar2_finance,4,44,text_only,linear_svm,word_char,0.1,,category,all,sentiment,206,92,114,0.44660194174757284
liar2_finance,4,44,text_only,linear_svm,word_char,0.1,,subset_category,hard_case,causal,43,20,23,0.46511627906976744
liar2_finance,4,44,text_only,linear_svm,word_char,0.1,,subset_category,hard_case,flipping,7,3,4,0.42857142857142855
liar2_finance,4,44,text_only,linear_svm,word_char,0.1,,subset_category,hard_case,numerical,20,4,16,0.2
liar2_finance,4,44,text_only,linear_svm,word_char,0.1,,subset_category,hard_case,sentiment,53,17,36,0.32075471698113206
liar2_finance,4,44,text_only,linear_svm,word_char,0.1,,subset_category,main,causal,188,106,82,0.5638297872340425
liar2_finance,4,44,text_only,linear_svm,word_char,0.1,,subset_category,main,flipping,306,142,164,0.46405228758169936
liar2_finance,4,44,text_only,linear_svm,word_char,0.1,,subset_category,main,numerical,353,174,179,0.49291784702549574
liar2_finance,4,44,text_only,linear_svm,word_char,0.1,,subset_category,main,sentiment,153,75,78,0.49019607843137253
liar2_finance,4,44,emotion_aware,logistic_regression,word_char,0.1,0.05,overall,all,all,1123,452,671,0.402493321460374
liar2_finance,4,44,emotion_aware,logistic_regression,word_char,0.1,0.05,overall_non_sentiment,all,non_sentiment,917,374,543,0.4078516902944384
liar2_finance,4,44,emotion_aware,logistic_regression,word_char,0.1,0.05,subset,hard_case,all,123,33,90,0.2682926829268293
liar2_finance,4,44,emotion_aware,logistic_regression,word_char,0.1,0.05,subset_non_sentiment,hard_case,non_sentiment,70,16,54,0.22857142857142856
liar2_finance,4,44,emotion_aware,logistic_regression,word_char,0.1,0.05,subset,main,all,1000,419,581,0.419
liar2_finance,4,44,emotion_aware,logistic_regression,word_char,0.1,0.05,subset_non_sentiment,main,non_sentiment,847,358,489,0.42266824085005905
liar2_finance,4,44,emotion_aware,logistic_regression,word_char,0.1,0.05,category,all,causal,231,86,145,0.3722943722943723
liar2_finance,4,44,emotion_aware,logistic_regression,word_char,0.1,0.05,category,all,flipping,313,184,129,0.5878594249201278
liar2_finance,4,44,emotion_aware,logistic_regression,word_char,0.1,0.05,category,all,numerical,373,104,269,0.27882037533512066
liar2_finance,4,44,emotion_aware,logistic_regression,word_char,0.1,0.05,category,all,sentiment,206,78,128,0.3786407766990291
liar2_finance,4,44,emotion_aware,logistic_regression,word_char,0.1,0.05,subset_category,hard_case,causal,43,12,31,0.27906976744186046
liar2_finance,4,44,emotion_aware,logistic_regression,word_char,0.1,0.05,subset_category,hard_case,flipping,7,4,3,0.5714285714285714
liar2_finance,4,44,emotion_aware,logistic_regression,word_char,0.1,0.05,subset_category,hard_case,numerical,20,0,20,0.0
liar2_finance,4,44,emotion_aware,logistic_regression,word_char,0.1,0.05,subset_category,hard_case,sentiment,53,17,36,0.32075471698113206
liar2_finance,4,44,emotion_aware,logistic_regression,word_char,0.1,0.05,subset_category,main,causal,188,74,114,0.39361702127659576
liar2_finance,4,44,emotion_aware,logistic_regression,word_char,0.1,0.05,subset_category,main,flipping,306,180,126,0.5882352941176471
liar2_finance,4,44,emotion_aware,logistic_regression,word_char,0.1,0.05,subset_category,main,numerical,353,104,249,0.29461756373937675
liar2_finance,4,44,emotion_aware,logistic_regression,word_char,0.1,0.05,subset_category,main,sentiment,153,61,92,0.39869281045751637
liar2_finance,5,55,text_only,linear_svm,word_char,0.1,,overall,all,all,1123,541,582,0.4817453250222618
liar2_finance,5,55,text_only,linear_svm,word_char,0.1,,overall_non_sentiment,all,non_sentiment,917,449,468,0.48964013086150493
liar2_finance,5,55,text_only,linear_svm,word_char,0.1,,subset,hard_case,all,123,44,79,0.35772357723577236
liar2_finance,5,55,text_only,linear_svm,word_char,0.1,,subset_non_sentiment,hard_case,non_sentiment,70,27,43,0.38571428571428573
liar2_finance,5,55,text_only,linear_svm,word_char,0.1,,subset,main,all,1000,497,503,0.497
liar2_finance,5,55,text_only,linear_svm,word_char,0.1,,subset_non_sentiment,main,non_sentiment,847,422,425,0.4982290436835891
liar2_finance,5,55,text_only,linear_svm,word_char,0.1,,category,all,causal,231,126,105,0.5454545454545454
liar2_finance,5,55,text_only,linear_svm,word_char,0.1,,category,all,flipping,313,145,168,0.46325878594249204
liar2_finance,5,55,text_only,linear_svm,word_char,0.1,,category,all,numerical,373,178,195,0.4772117962466488
liar2_finance,5,55,text_only,linear_svm,word_char,0.1,,category,all,sentiment,206,92,114,0.44660194174757284
liar2_finance,5,55,text_only,linear_svm,word_char,0.1,,subset_category,hard_case,causal,43,20,23,0.46511627906976744
liar2_finance,5,55,text_only,linear_svm,word_char,0.1,,subset_category,hard_case,flipping,7,3,4,0.42857142857142855
liar2_finance,5,55,text_only,linear_svm,word_char,0.1,,subset_category,hard_case,numerical,20,4,16,0.2
liar2_finance,5,55,text_only,linear_svm,word_char,0.1,,subset_category,hard_case,sentiment,53,17,36,0.32075471698113206
liar2_finance,5,55,text_only,linear_svm,word_char,0.1,,subset_category,main,causal,188,106,82,0.5638297872340425
liar2_finance,5,55,text_only,linear_svm,word_char,0.1,,subset_category,main,flipping,306,142,164,0.46405228758169936
liar2_finance,5,55,text_only,linear_svm,word_char,0.1,,subset_category,main,numerical,353,174,179,0.49291784702549574
liar2_finance,5,55,text_only,linear_svm,word_char,0.1,,subset_category,main,sentiment,153,75,78,0.49019607843137253
liar2_finance,5,55,emotion_aware,linear_svm,word_char,0.1,0.05,overall,all,all,1123,442,681,0.3935886019590383
liar2_finance,5,55,emotion_aware,linear_svm,word_char,0.1,0.05,overall_non_sentiment,all,non_sentiment,917,373,544,0.40676117775354415
liar2_finance,5,55,emotion_aware,linear_svm,word_char,0.1,0.05,subset,hard_case,all,123,30,93,0.24390243902439024
liar2_finance,5,55,emotion_aware,linear_svm,word_char,0.1,0.05,subset_non_sentiment,hard_case,non_sentiment,70,18,52,0.2571428571428571
liar2_finance,5,55,emotion_aware,linear_svm,word_char,0.1,0.05,subset,main,all,1000,412,588,0.412
liar2_finance,5,55,emotion_aware,linear_svm,word_char,0.1,0.05,subset_non_sentiment,main,non_sentiment,847,355,492,0.41912632821723733
liar2_finance,5,55,emotion_aware,linear_svm,word_char,0.1,0.05,category,all,causal,231,98,133,0.42424242424242425
liar2_finance,5,55,emotion_aware,linear_svm,word_char,0.1,0.05,category,all,flipping,313,147,166,0.4696485623003195
liar2_finance,5,55,emotion_aware,linear_svm,word_char,0.1,0.05,category,all,numerical,373,128,245,0.34316353887399464
liar2_finance,5,55,emotion_aware,linear_svm,word_char,0.1,0.05,category,all,sentiment,206,69,137,0.33495145631067963
liar2_finance,5,55,emotion_aware,linear_svm,word_char,0.1,0.05,subset_category,hard_case,causal,43,15,28,0.3488372093023256
liar2_finance,5,55,emotion_aware,linear_svm,word_char,0.1,0.05,subset_category,hard_case,flipping,7,3,4,0.42857142857142855
liar2_finance,5,55,emotion_aware,linear_svm,word_char,0.1,0.05,subset_category,hard_case,numerical,20,0,20,0.0
liar2_finance,5,55,emotion_aware,linear_svm,word_char,0.1,0.05,subset_category,hard_case,sentiment,53,12,41,0.22641509433962265
liar2_finance,5,55,emotion_aware,linear_svm,word_char,0.1,0.05,subset_category,main,causal,188,83,105,0.44148936170212766
liar2_finance,5,55,emotion_aware,linear_svm,word_char,0.1,0.05,subset_category,main,flipping,306,144,162,0.47058823529411764
liar2_finance,5,55,emotion_aware,linear_svm,word_char,0.1,0.05,subset_category,main,numerical,353,128,225,0.3626062322946176
liar2_finance,5,55,emotion_aware,linear_svm,word_char,0.1,0.05,subset_category,main,sentiment,153,57,96,0.37254901960784315
liar2_finance,6,66,text_only,linear_svm,word_char,0.1,,overall,all,all,1123,541,582,0.4817453250222618
liar2_finance,6,66,text_only,linear_svm,word_char,0.1,,overall_non_sentiment,all,non_sentiment,917,449,468,0.48964013086150493
liar2_finance,6,66,text_only,linear_svm,word_char,0.1,,subset,hard_case,all,123,44,79,0.35772357723577236
liar2_finance,6,66,text_only,linear_svm,word_char,0.1,,subset_non_sentiment,hard_case,non_sentiment,70,27,43,0.38571428571428573
liar2_finance,6,66,text_only,linear_svm,word_char,0.1,,subset,main,all,1000,497,503,0.497
liar2_finance,6,66,text_only,linear_svm,word_char,0.1,,subset_non_sentiment,main,non_sentiment,847,422,425,0.4982290436835891
liar2_finance,6,66,text_only,linear_svm,word_char,0.1,,category,all,causal,231,126,105,0.5454545454545454
liar2_finance,6,66,text_only,linear_svm,word_char,0.1,,category,all,flipping,313,145,168,0.46325878594249204
liar2_finance,6,66,text_only,linear_svm,word_char,0.1,,category,all,numerical,373,178,195,0.4772117962466488
liar2_finance,6,66,text_only,linear_svm,word_char,0.1,,category,all,sentiment,206,92,114,0.44660194174757284
liar2_finance,6,66,text_only,linear_svm,word_char,0.1,,subset_category,hard_case,causal,43,20,23,0.46511627906976744
liar2_finance,6,66,text_only,linear_svm,word_char,0.1,,subset_category,hard_case,flipping,7,3,4,0.42857142857142855
liar2_finance,6,66,text_only,linear_svm,word_char,0.1,,subset_category,hard_case,numerical,20,4,16,0.2
liar2_finance,6,66,text_only,linear_svm,word_char,0.1,,subset_category,hard_case,sentiment,53,17,36,0.32075471698113206
liar2_finance,6,66,text_only,linear_svm,word_char,0.1,,subset_category,main,causal,188,106,82,0.5638297872340425
liar2_finance,6,66,text_only,linear_svm,word_char,0.1,,subset_category,main,flipping,306,142,164,0.46405228758169936
liar2_finance,6,66,text_only,linear_svm,word_char,0.1,,subset_category,main,numerical,353,174,179,0.49291784702549574
liar2_finance,6,66,text_only,linear_svm,word_char,0.1,,subset_category,main,sentiment,153,75,78,0.49019607843137253
liar2_finance,6,66,emotion_aware,linear_svm,word_char,0.1,0.5,overall,all,all,1123,387,736,0.3446126447016919
liar2_finance,6,66,emotion_aware,linear_svm,word_char,0.1,0.5,overall_non_sentiment,all,non_sentiment,917,320,597,0.3489640130861505
liar2_finance,6,66,emotion_aware,linear_svm,word_char,0.1,0.5,subset,hard_case,all,123,30,93,0.24390243902439024
liar2_finance,6,66,emotion_aware,linear_svm,word_char,0.1,0.5,subset_non_sentiment,hard_case,non_sentiment,70,20,50,0.2857142857142857
liar2_finance,6,66,emotion_aware,linear_svm,word_char,0.1,0.5,subset,main,all,1000,357,643,0.357
liar2_finance,6,66,emotion_aware,linear_svm,word_char,0.1,0.5,subset_non_sentiment,main,non_sentiment,847,300,547,0.3541912632821724
liar2_finance,6,66,emotion_aware,linear_svm,word_char,0.1,0.5,category,all,causal,231,83,148,0.3593073593073593
liar2_finance,6,66,emotion_aware,linear_svm,word_char,0.1,0.5,category,all,flipping,313,114,199,0.36421725239616615
liar2_finance,6,66,emotion_aware,linear_svm,word_char,0.1,0.5,category,all,numerical,373,123,250,0.3297587131367292
liar2_finance,6,66,emotion_aware,linear_svm,word_char,0.1,0.5,category,all,sentiment,206,67,139,0.32524271844660196
liar2_finance,6,66,emotion_aware,linear_svm,word_char,0.1,0.5,subset_category,hard_case,causal,43,17,26,0.3953488372093023
liar2_finance,6,66,emotion_aware,linear_svm,word_char,0.1,0.5,subset_category,hard_case,flipping,7,3,4,0.42857142857142855
liar2_finance,6,66,emotion_aware,linear_svm,word_char,0.1,0.5,subset_category,hard_case,numerical,20,0,20,0.0
liar2_finance,6,66,emotion_aware,linear_svm,word_char,0.1,0.5,subset_category,hard_case,sentiment,53,10,43,0.18867924528301888
liar2_finance,6,66,emotion_aware,linear_svm,word_char,0.1,0.5,subset_category,main,causal,188,66,122,0.35106382978723405
liar2_finance,6,66,emotion_aware,linear_svm,word_char,0.1,0.5,subset_category,main,flipping,306,111,195,0.3627450980392157
liar2_finance,6,66,emotion_aware,linear_svm,word_char,0.1,0.5,subset_category,main,numerical,353,123,230,0.34844192634560905
liar2_finance,6,66,emotion_aware,linear_svm,word_char,0.1,0.5,subset_category,main,sentiment,153,57,96,0.37254901960784315
liar2_finance,7,77,text_only,logistic_regression,word_char,0.1,,overall,all,all,1123,629,494,0.560106856634016
liar2_finance,7,77,text_only,logistic_regression,word_char,0.1,,overall_non_sentiment,all,non_sentiment,917,510,407,0.5561613958560524
liar2_finance,7,77,text_only,logistic_regression,word_char,0.1,,subset,hard_case,all,123,60,63,0.4878048780487805
liar2_finance,7,77,text_only,logistic_regression,word_char,0.1,,subset_non_sentiment,hard_case,non_sentiment,70,33,37,0.4714285714285714
liar2_finance,7,77,text_only,logistic_regression,word_char,0.1,,subset,main,all,1000,569,431,0.569
liar2_finance,7,77,text_only,logistic_regression,word_char,0.1,,subset_non_sentiment,main,non_sentiment,847,477,370,0.5631641086186541
liar2_finance,7,77,text_only,logistic_regression,word_char,0.1,,category,all,causal,231,139,92,0.6017316017316018
liar2_finance,7,77,text_only,logistic_regression,word_char,0.1,,category,all,flipping,313,175,138,0.5591054313099042
liar2_finance,7,77,text_only,logistic_regression,word_char,0.1,,category,all,numerical,373,196,177,0.5254691689008043
liar2_finance,7,77,text_only,logistic_regression,word_char,0.1,,category,all,sentiment,206,119,87,0.5776699029126213
liar2_finance,7,77,text_only,logistic_regression,word_char,0.1,,subset_category,hard_case,causal,43,24,19,0.5581395348837209
liar2_finance,7,77,text_only,logistic_regression,word_char,0.1,,subset_category,hard_case,flipping,7,4,3,0.5714285714285714
liar2_finance,7,77,text_only,logistic_regression,word_char,0.1,,subset_category,hard_case,numerical,20,5,15,0.25
liar2_finance,7,77,text_only,logistic_regression,word_char,0.1,,subset_category,hard_case,sentiment,53,27,26,0.5094339622641509
liar2_finance,7,77,text_only,logistic_regression,word_char,0.1,,subset_category,main,causal,188,115,73,0.6117021276595744
liar2_finance,7,77,text_only,logistic_regression,word_char,0.1,,subset_category,main,flipping,306,171,135,0.5588235294117647
liar2_finance,7,77,text_only,logistic_regression,word_char,0.1,,subset_category,main,numerical,353,191,162,0.5410764872521246
liar2_finance,7,77,text_only,logistic_regression,word_char,0.1,,subset_category,main,sentiment,153,92,61,0.6013071895424836
liar2_finance,7,77,emotion_aware,linear_svm,word,0.1,0.05,overall,all,all,1123,392,731,0.3490650044523598
liar2_finance,7,77,emotion_aware,linear_svm,word,0.1,0.05,overall_non_sentiment,all,non_sentiment,917,320,597,0.3489640130861505
liar2_finance,7,77,emotion_aware,linear_svm,word,0.1,0.05,subset,hard_case,all,123,29,94,0.23577235772357724
liar2_finance,7,77,emotion_aware,linear_svm,word,0.1,0.05,subset_non_sentiment,hard_case,non_sentiment,70,17,53,0.24285714285714285
liar2_finance,7,77,emotion_aware,linear_svm,word,0.1,0.05,subset,main,all,1000,363,637,0.363
liar2_finance,7,77,emotion_aware,linear_svm,word,0.1,0.05,subset_non_sentiment,main,non_sentiment,847,303,544,0.3577331759149941
liar2_finance,7,77,emotion_aware,linear_svm,word,0.1,0.05,category,all,causal,231,87,144,0.37662337662337664
liar2_finance,7,77,emotion_aware,linear_svm,word,0.1,0.05,category,all,flipping,313,140,173,0.4472843450479233
liar2_finance,7,77,emotion_aware,linear_svm,word,0.1,0.05,category,all,numerical,373,93,280,0.24932975871313673
liar2_finance,7,77,emotion_aware,linear_svm,word,0.1,0.05,category,all,sentiment,206,72,134,0.34951456310679613
liar2_finance,7,77,emotion_aware,linear_svm,word,0.1,0.05,subset_category,hard_case,causal,43,13,30,0.3023255813953488
liar2_finance,7,77,emotion_aware,linear_svm,word,0.1,0.05,subset_category,hard_case,flipping,7,4,3,0.5714285714285714
liar2_finance,7,77,emotion_aware,linear_svm,word,0.1,0.05,subset_category,hard_case,numerical,20,0,20,0.0
liar2_finance,7,77,emotion_aware,linear_svm,word,0.1,0.05,subset_category,hard_case,sentiment,53,12,41,0.22641509433962265
liar2_finance,7,77,emotion_aware,linear_svm,word,0.1,0.05,subset_category,main,causal,188,74,114,0.39361702127659576
liar2_finance,7,77,emotion_aware,linear_svm,word,0.1,0.05,subset_category,main,flipping,306,136,170,0.4444444444444444
liar2_finance,7,77,emotion_aware,linear_svm,word,0.1,0.05,subset_category,main,numerical,353,93,260,0.26345609065155806
liar2_finance,7,77,emotion_aware,linear_svm,word,0.1,0.05,subset_category,main,sentiment,153,60,93,0.39215686274509803
liar2_finance,8,88,text_only,logistic_regression,word_char,1.0,,overall,all,all,1123,533,590,0.4746215494211932
liar2_finance,8,88,text_only,logistic_regression,word_char,1.0,,overall_non_sentiment,all,non_sentiment,917,443,474,0.4830970556161396
liar2_finance,8,88,text_only,logistic_regression,word_char,1.0,,subset,hard_case,all,123,43,80,0.34959349593495936
liar2_finance,8,88,text_only,logistic_regression,word_char,1.0,,subset_non_sentiment,hard_case,non_sentiment,70,26,44,0.37142857142857144
liar2_finance,8,88,text_only,logistic_regression,word_char,1.0,,subset,main,all,1000,490,510,0.49
liar2_finance,8,88,text_only,logistic_regression,word_char,1.0,,subset_non_sentiment,main,non_sentiment,847,417,430,0.4923258559622196
liar2_finance,8,88,text_only,logistic_regression,word_char,1.0,,category,all,causal,231,127,104,0.5497835497835498
liar2_finance,8,88,text_only,logistic_regression,word_char,1.0,,category,all,flipping,313,141,172,0.4504792332268371
liar2_finance,8,88,text_only,logistic_regression,word_char,1.0,,category,all,numerical,373,175,198,0.4691689008042895
liar2_finance,8,88,text_only,logistic_regression,word_char,1.0,,category,all,sentiment,206,90,116,0.4368932038834951
liar2_finance,8,88,text_only,logistic_regression,word_char,1.0,,subset_category,hard_case,causal,43,20,23,0.46511627906976744
liar2_finance,8,88,text_only,logistic_regression,word_char,1.0,,subset_category,hard_case,flipping,7,3,4,0.42857142857142855
liar2_finance,8,88,text_only,logistic_regression,word_char,1.0,,subset_category,hard_case,numerical,20,3,17,0.15
liar2_finance,8,88,text_only,logistic_regression,word_char,1.0,,subset_category,hard_case,sentiment,53,17,36,0.32075471698113206
liar2_finance,8,88,text_only,logistic_regression,word_char,1.0,,subset_category,main,causal,188,107,81,0.5691489361702128
liar2_finance,8,88,text_only,logistic_regression,word_char,1.0,,subset_category,main,flipping,306,138,168,0.45098039215686275
liar2_finance,8,88,text_only,logistic_regression,word_char,1.0,,subset_category,main,numerical,353,172,181,0.48725212464589235
liar2_finance,8,88,text_only,logistic_regression,word_char,1.0,,subset_category,main,sentiment,153,73,80,0.477124183006536
liar2_finance,8,88,emotion_aware,logistic_regression,word,1.0,0.05,overall,all,all,1123,402,721,0.3579697239536955
liar2_finance,8,88,emotion_aware,logistic_regression,word,1.0,0.05,overall_non_sentiment,all,non_sentiment,917,327,590,0.35659760087241005
liar2_finance,8,88,emotion_aware,logistic_regression,word,1.0,0.05,subset,hard_case,all,123,30,93,0.24390243902439024
liar2_finance,8,88,emotion_aware,logistic_regression,word,1.0,0.05,subset_non_sentiment,hard_case,non_sentiment,70,17,53,0.24285714285714285
liar2_finance,8,88,emotion_aware,logistic_regression,word,1.0,0.05,subset,main,all,1000,372,628,0.372
liar2_finance,8,88,emotion_aware,logistic_regression,word,1.0,0.05,subset_non_sentiment,main,non_sentiment,847,310,537,0.3659976387249115
liar2_finance,8,88,emotion_aware,logistic_regression,word,1.0,0.05,category,all,causal,231,91,140,0.3939393939393939
liar2_finance,8,88,emotion_aware,logistic_regression,word,1.0,0.05,category,all,flipping,313,141,172,0.4504792332268371
liar2_finance,8,88,emotion_aware,logistic_regression,word,1.0,0.05,category,all,numerical,373,95,278,0.2546916890080429
liar2_finance,8,88,emotion_aware,logistic_regression,word,1.0,0.05,category,all,sentiment,206,75,131,0.3640776699029126
liar2_finance,8,88,emotion_aware,logistic_regression,word,1.0,0.05,subset_category,hard_case,causal,43,13,30,0.3023255813953488
liar2_finance,8,88,emotion_aware,logistic_regression,word,1.0,0.05,subset_category,hard_case,flipping,7,4,3,0.5714285714285714
liar2_finance,8,88,emotion_aware,logistic_regression,word,1.0,0.05,subset_category,hard_case,numerical,20,0,20,0.0
liar2_finance,8,88,emotion_aware,logistic_regression,word,1.0,0.05,subset_category,hard_case,sentiment,53,13,40,0.24528301886792453
liar2_finance,8,88,emotion_aware,logistic_regression,word,1.0,0.05,subset_category,main,causal,188,78,110,0.4148936170212766
liar2_finance,8,88,emotion_aware,logistic_regression,word,1.0,0.05,subset_category,main,flipping,306,137,169,0.4477124183006536
liar2_finance,8,88,emotion_aware,logistic_regression,word,1.0,0.05,subset_category,main,numerical,353,95,258,0.26912181303116145
liar2_finance,8,88,emotion_aware,logistic_regression,word,1.0,0.05,subset_category,main,sentiment,153,62,91,0.40522875816993464
liar2_finance,9,99,text_only,logistic_regression,word_char,0.1,,overall,all,all,1123,629,494,0.560106856634016
liar2_finance,9,99,text_only,logistic_regression,word_char,0.1,,overall_non_sentiment,all,non_sentiment,917,510,407,0.5561613958560524
liar2_finance,9,99,text_only,logistic_regression,word_char,0.1,,subset,hard_case,all,123,60,63,0.4878048780487805
liar2_finance,9,99,text_only,logistic_regression,word_char,0.1,,subset_non_sentiment,hard_case,non_sentiment,70,33,37,0.4714285714285714
liar2_finance,9,99,text_only,logistic_regression,word_char,0.1,,subset,main,all,1000,569,431,0.569
liar2_finance,9,99,text_only,logistic_regression,word_char,0.1,,subset_non_sentiment,main,non_sentiment,847,477,370,0.5631641086186541
liar2_finance,9,99,text_only,logistic_regression,word_char,0.1,,category,all,causal,231,139,92,0.6017316017316018
liar2_finance,9,99,text_only,logistic_regression,word_char,0.1,,category,all,flipping,313,175,138,0.5591054313099042
liar2_finance,9,99,text_only,logistic_regression,word_char,0.1,,category,all,numerical,373,196,177,0.5254691689008043
liar2_finance,9,99,text_only,logistic_regression,word_char,0.1,,category,all,sentiment,206,119,87,0.5776699029126213
liar2_finance,9,99,text_only,logistic_regression,word_char,0.1,,subset_category,hard_case,causal,43,24,19,0.5581395348837209
liar2_finance,9,99,text_only,logistic_regression,word_char,0.1,,subset_category,hard_case,flipping,7,4,3,0.5714285714285714
liar2_finance,9,99,text_only,logistic_regression,word_char,0.1,,subset_category,hard_case,numerical,20,5,15,0.25
liar2_finance,9,99,text_only,logistic_regression,word_char,0.1,,subset_category,hard_case,sentiment,53,27,26,0.5094339622641509
liar2_finance,9,99,text_only,logistic_regression,word_char,0.1,,subset_category,main,causal,188,115,73,0.6117021276595744
liar2_finance,9,99,text_only,logistic_regression,word_char,0.1,,subset_category,main,flipping,306,171,135,0.5588235294117647
liar2_finance,9,99,text_only,logistic_regression,word_char,0.1,,subset_category,main,numerical,353,191,162,0.5410764872521246
liar2_finance,9,99,text_only,logistic_regression,word_char,0.1,,subset_category,main,sentiment,153,92,61,0.6013071895424836
liar2_finance,9,99,emotion_aware,logistic_regression,word_char,0.1,0.05,overall,all,all,1123,452,671,0.402493321460374
liar2_finance,9,99,emotion_aware,logistic_regression,word_char,0.1,0.05,overall_non_sentiment,all,non_sentiment,917,374,543,0.4078516902944384
liar2_finance,9,99,emotion_aware,logistic_regression,word_char,0.1,0.05,subset,hard_case,all,123,33,90,0.2682926829268293
liar2_finance,9,99,emotion_aware,logistic_regression,word_char,0.1,0.05,subset_non_sentiment,hard_case,non_sentiment,70,16,54,0.22857142857142856
liar2_finance,9,99,emotion_aware,logistic_regression,word_char,0.1,0.05,subset,main,all,1000,419,581,0.419
liar2_finance,9,99,emotion_aware,logistic_regression,word_char,0.1,0.05,subset_non_sentiment,main,non_sentiment,847,358,489,0.42266824085005905
liar2_finance,9,99,emotion_aware,logistic_regression,word_char,0.1,0.05,category,all,causal,231,86,145,0.3722943722943723
liar2_finance,9,99,emotion_aware,logistic_regression,word_char,0.1,0.05,category,all,flipping,313,184,129,0.5878594249201278
liar2_finance,9,99,emotion_aware,logistic_regression,word_char,0.1,0.05,category,all,numerical,373,104,269,0.27882037533512066
liar2_finance,9,99,emotion_aware,logistic_regression,word_char,0.1,0.05,category,all,sentiment,206,78,128,0.3786407766990291
liar2_finance,9,99,emotion_aware,logistic_regression,word_char,0.1,0.05,subset_category,hard_case,causal,43,12,31,0.27906976744186046
liar2_finance,9,99,emotion_aware,logistic_regression,word_char,0.1,0.05,subset_category,hard_case,flipping,7,4,3,0.5714285714285714
liar2_finance,9,99,emotion_aware,logistic_regression,word_char,0.1,0.05,subset_category,hard_case,numerical,20,0,20,0.0
liar2_finance,9,99,emotion_aware,logistic_regression,word_char,0.1,0.05,subset_category,hard_case,sentiment,53,17,36,0.32075471698113206
liar2_finance,9,99,emotion_aware,logistic_regression,word_char,0.1,0.05,subset_category,main,causal,188,74,114,0.39361702127659576
liar2_finance,9,99,emotion_aware,logistic_regression,word_char,0.1,0.05,subset_category,main,flipping,306,180,126,0.5882352941176471
liar2_finance,9,99,emotion_aware,logistic_regression,word_char,0.1,0.05,subset_category,main,numerical,353,104,249,0.29461756373937675
liar2_finance,9,99,emotion_aware,logistic_regression,word_char,0.1,0.05,subset_category,main,sentiment,153,61,92,0.39869281045751637
liar2_finance,10,110,text_only,logistic_regression,word,1.0,,overall,all,all,1123,522,601,0.46482635796972394
liar2_finance,10,110,text_only,logistic_regression,word,1.0,,overall_non_sentiment,all,non_sentiment,917,427,490,0.46564885496183206
liar2_finance,10,110,text_only,logistic_regression,word,1.0,,subset,hard_case,all,123,43,80,0.34959349593495936
liar2_finance,10,110,text_only,logistic_regression,word,1.0,,subset_non_sentiment,hard_case,non_sentiment,70,26,44,0.37142857142857144
liar2_finance,10,110,text_only,logistic_regression,word,1.0,,subset,main,all,1000,479,521,0.479
liar2_finance,10,110,text_only,logistic_regression,word,1.0,,subset_non_sentiment,main,non_sentiment,847,401,446,0.4734356552538371
liar2_finance,10,110,text_only,logistic_regression,word,1.0,,category,all,causal,231,122,109,0.5281385281385281
liar2_finance,10,110,text_only,logistic_regression,word,1.0,,category,all,flipping,313,144,169,0.46006389776357826
liar2_finance,10,110,text_only,logistic_regression,word,1.0,,category,all,numerical,373,161,212,0.4316353887399464
liar2_finance,10,110,text_only,logistic_regression,word,1.0,,category,all,sentiment,206,95,111,0.46116504854368934
liar2_finance,10,110,text_only,logistic_regression,word,1.0,,subset_category,hard_case,causal,43,20,23,0.46511627906976744
liar2_finance,10,110,text_only,logistic_regression,word,1.0,,subset_category,hard_case,flipping,7,3,4,0.42857142857142855
liar2_finance,10,110,text_only,logistic_regression,word,1.0,,subset_category,hard_case,numerical,20,3,17,0.15
liar2_finance,10,110,text_only,logistic_regression,word,1.0,,subset_category,hard_case,sentiment,53,17,36,0.32075471698113206
liar2_finance,10,110,text_only,logistic_regression,word,1.0,,subset_category,main,causal,188,102,86,0.5425531914893617
liar2_finance,10,110,text_only,logistic_regression,word,1.0,,subset_category,main,flipping,306,141,165,0.46078431372549017
liar2_finance,10,110,text_only,logistic_regression,word,1.0,,subset_category,main,numerical,353,158,195,0.4475920679886686
liar2_finance,10,110,text_only,logistic_regression,word,1.0,,subset_category,main,sentiment,153,78,75,0.5098039215686274
liar2_finance,10,110,emotion_aware,linear_svm,word,0.1,0.25,overall,all,all,1123,341,782,0.30365093499554763
liar2_finance,10,110,emotion_aware,linear_svm,word,0.1,0.25,overall_non_sentiment,all,non_sentiment,917,282,635,0.3075245365321701
liar2_finance,10,110,emotion_aware,linear_svm,word,0.1,0.25,subset,hard_case,all,123,28,95,0.22764227642276422
liar2_finance,10,110,emotion_aware,linear_svm,word,0.1,0.25,subset_non_sentiment,hard_case,non_sentiment,70,17,53,0.24285714285714285
liar2_finance,10,110,emotion_aware,linear_svm,word,0.1,0.25,subset,main,all,1000,313,687,0.313
liar2_finance,10,110,emotion_aware,linear_svm,word,0.1,0.25,subset_non_sentiment,main,non_sentiment,847,265,582,0.31286894923258557
liar2_finance,10,110,emotion_aware,linear_svm,word,0.1,0.25,category,all,causal,231,74,157,0.3203463203463203
liar2_finance,10,110,emotion_aware,linear_svm,word,0.1,0.25,category,all,flipping,313,122,191,0.38977635782747605
liar2_finance,10,110,emotion_aware,linear_svm,word,0.1,0.25,category,all,numerical,373,86,287,0.23056300268096513
liar2_finance,10,110,emotion_aware,linear_svm,word,0.1,0.25,category,all,sentiment,206,59,147,0.28640776699029125
liar2_finance,10,110,emotion_aware,linear_svm,word,0.1,0.25,subset_category,hard_case,causal,43,14,29,0.32558139534883723
liar2_finance,10,110,emotion_aware,linear_svm,word,0.1,0.25,subset_category,hard_case,flipping,7,3,4,0.42857142857142855
liar2_finance,10,110,emotion_aware,linear_svm,word,0.1,0.25,subset_category,hard_case,numerical,20,0,20,0.0
liar2_finance,10,110,emotion_aware,linear_svm,word,0.1,0.25,subset_category,hard_case,sentiment,53,11,42,0.20754716981132076
liar2_finance,10,110,emotion_aware,linear_svm,word,0.1,0.25,subset_category,main,causal,188,60,128,0.3191489361702128
liar2_finance,10,110,emotion_aware,linear_svm,word,0.1,0.25,subset_category,main,flipping,306,119,187,0.3888888888888889
liar2_finance,10,110,emotion_aware,linear_svm,word,0.1,0.25,subset_category,main,numerical,353,86,267,0.24362606232294617
liar2_finance,10,110,emotion_aware,linear_svm,word,0.1,0.25,subset_category,main,sentiment,153,48,105,0.3137254901960784
factors_finance,1,11,text_only,logistic_regression,word_char,10.0,,overall,all,all,1123,436,687,0.38824577025823687
factors_finance,1,11,text_only,logistic_regression,word_char,10.0,,overall_non_sentiment,all,non_sentiment,917,374,543,0.4078516902944384
factors_finance,1,11,text_only,logistic_regression,word_char,10.0,,subset,hard_case,all,123,30,93,0.24390243902439024
factors_finance,1,11,text_only,logistic_regression,word_char,10.0,,subset_non_sentiment,hard_case,non_sentiment,70,19,51,0.2714285714285714
factors_finance,1,11,text_only,logistic_regression,word_char,10.0,,subset,main,all,1000,406,594,0.406
factors_finance,1,11,text_only,logistic_regression,word_char,10.0,,subset_non_sentiment,main,non_sentiment,847,355,492,0.41912632821723733
factors_finance,1,11,text_only,logistic_regression,word_char,10.0,,category,all,causal,231,64,167,0.27705627705627706
factors_finance,1,11,text_only,logistic_regression,word_char,10.0,,category,all,flipping,313,139,174,0.4440894568690096
factors_finance,1,11,text_only,logistic_regression,word_char,10.0,,category,all,numerical,373,171,202,0.4584450402144772
factors_finance,1,11,text_only,logistic_regression,word_char,10.0,,category,all,sentiment,206,62,144,0.30097087378640774
factors_finance,1,11,text_only,logistic_regression,word_char,10.0,,subset_category,hard_case,causal,43,10,33,0.23255813953488372
factors_finance,1,11,text_only,logistic_regression,word_char,10.0,,subset_category,hard_case,flipping,7,2,5,0.2857142857142857
factors_finance,1,11,text_only,logistic_regression,word_char,10.0,,subset_category,hard_case,numerical,20,7,13,0.35
factors_finance,1,11,text_only,logistic_regression,word_char,10.0,,subset_category,hard_case,sentiment,53,11,42,0.20754716981132076
factors_finance,1,11,text_only,logistic_regression,word_char,10.0,,subset_category,main,causal,188,54,134,0.2872340425531915
factors_finance,1,11,text_only,logistic_regression,word_char,10.0,,subset_category,main,flipping,306,137,169,0.4477124183006536
factors_finance,1,11,text_only,logistic_regression,word_char,10.0,,subset_category,main,numerical,353,164,189,0.46458923512747874
factors_finance,1,11,text_only,logistic_regression,word_char,10.0,,subset_category,main,sentiment,153,51,102,0.3333333333333333
factors_finance,1,11,emotion_aware,linear_svm,word,0.1,0.05,overall,all,all,1123,384,739,0.3419412288512912
factors_finance,1,11,emotion_aware,linear_svm,word,0.1,0.05,overall_non_sentiment,all,non_sentiment,917,314,603,0.34242093784078514
factors_finance,1,11,emotion_aware,linear_svm,word,0.1,0.05,subset,hard_case,all,123,28,95,0.22764227642276422
factors_finance,1,11,emotion_aware,linear_svm,word,0.1,0.05,subset_non_sentiment,hard_case,non_sentiment,70,16,54,0.22857142857142856
factors_finance,1,11,emotion_aware,linear_svm,word,0.1,0.05,subset,main,all,1000,356,644,0.356
factors_finance,1,11,emotion_aware,linear_svm,word,0.1,0.05,subset_non_sentiment,main,non_sentiment,847,298,549,0.35182998819362454
factors_finance,1,11,emotion_aware,linear_svm,word,0.1,0.05,category,all,causal,231,63,168,0.2727272727272727
factors_finance,1,11,emotion_aware,linear_svm,word,0.1,0.05,category,all,flipping,313,132,181,0.4217252396166134
factors_finance,1,11,emotion_aware,linear_svm,word,0.1,0.05,category,all,numerical,373,119,254,0.3190348525469169
factors_finance,1,11,emotion_aware,linear_svm,word,0.1,0.05,category,all,sentiment,206,70,136,0.33980582524271846
factors_finance,1,11,emotion_aware,linear_svm,word,0.1,0.05,subset_category,hard_case,causal,43,9,34,0.20930232558139536
factors_finance,1,11,emotion_aware,linear_svm,word,0.1,0.05,subset_category,hard_case,flipping,7,1,6,0.14285714285714285
factors_finance,1,11,emotion_aware,linear_svm,word,0.1,0.05,subset_category,hard_case,numerical,20,6,14,0.3
factors_finance,1,11,emotion_aware,linear_svm,word,0.1,0.05,subset_category,hard_case,sentiment,53,12,41,0.22641509433962265
factors_finance,1,11,emotion_aware,linear_svm,word,0.1,0.05,subset_category,main,causal,188,54,134,0.2872340425531915
factors_finance,1,11,emotion_aware,linear_svm,word,0.1,0.05,subset_category,main,flipping,306,131,175,0.42810457516339867
factors_finance,1,11,emotion_aware,linear_svm,word,0.1,0.05,subset_category,main,numerical,353,113,240,0.32011331444759206
factors_finance,1,11,emotion_aware,linear_svm,word,0.1,0.05,subset_category,main,sentiment,153,58,95,0.3790849673202614
factors_finance,2,22,text_only,logistic_regression,word,0.1,,overall,all,all,1123,454,669,0.40427426536064115
factors_finance,2,22,text_only,logistic_regression,word,0.1,,overall_non_sentiment,all,non_sentiment,917,371,546,0.40458015267175573
factors_finance,2,22,text_only,logistic_regression,word,0.1,,subset,hard_case,all,123,33,90,0.2682926829268293
factors_finance,2,22,text_only,logistic_regression,word,0.1,,subset_non_sentiment,hard_case,non_sentiment,70,18,52,0.2571428571428571
factors_finance,2,22,text_only,logistic_regression,word,0.1,,subset,main,all,1000,421,579,0.421
factors_finance,2,22,text_only,logistic_regression,word,0.1,,subset_non_sentiment,main,non_sentiment,847,353,494,0.4167650531286895
factors_finance,2,22,text_only,logistic_regression,word,0.1,,category,all,causal,231,84,147,0.36363636363636365
factors_finance,2,22,text_only,logistic_regression,word,0.1,,category,all,flipping,313,147,166,0.4696485623003195
factors_finance,2,22,text_only,logistic_regression,word,0.1,,category,all,numerical,373,140,233,0.3753351206434316
factors_finance,2,22,text_only,logistic_regression,word,0.1,,category,all,sentiment,206,83,123,0.4029126213592233
factors_finance,2,22,text_only,logistic_regression,word,0.1,,subset_category,hard_case,causal,43,11,32,0.2558139534883721
factors_finance,2,22,text_only,logistic_regression,word,0.1,,subset_category,hard_case,flipping,7,1,6,0.14285714285714285
factors_finance,2,22,text_only,logistic_regression,word,0.1,,subset_category,hard_case,numerical,20,6,14,0.3
factors_finance,2,22,text_only,logistic_regression,word,0.1,,subset_category,hard_case,sentiment,53,15,38,0.2830188679245283
factors_finance,2,22,text_only,logistic_regression,word,0.1,,subset_category,main,causal,188,73,115,0.3882978723404255
factors_finance,2,22,text_only,logistic_regression,word,0.1,,subset_category,main,flipping,306,146,160,0.477124183006536
factors_finance,2,22,text_only,logistic_regression,word,0.1,,subset_category,main,numerical,353,134,219,0.37960339943342775
factors_finance,2,22,text_only,logistic_regression,word,0.1,,subset_category,main,sentiment,153,68,85,0.4444444444444444
factors_finance,2,22,emotion_aware,linear_svm,word,0.1,0.1,overall,all,all,1123,348,775,0.3098842386464826
factors_finance,2,22,emotion_aware,linear_svm,word,0.1,0.1,overall_non_sentiment,all,non_sentiment,917,278,639,0.3031624863685932
factors_finance,2,22,emotion_aware,linear_svm,word,0.1,0.1,subset,hard_case,all,123,28,95,0.22764227642276422
factors_finance,2,22,emotion_aware,linear_svm,word,0.1,0.1,subset_non_sentiment,hard_case,non_sentiment,70,14,56,0.2
factors_finance,2,22,emotion_aware,linear_svm,word,0.1,0.1,subset,main,all,1000,320,680,0.32
factors_finance,2,22,emotion_aware,linear_svm,word,0.1,0.1,subset_non_sentiment,main,non_sentiment,847,264,583,0.3116883116883117
factors_finance,2,22,emotion_aware,linear_svm,word,0.1,0.1,category,all,causal,231,47,184,0.20346320346320346
factors_finance,2,22,emotion_aware,linear_svm,word,0.1,0.1,category,all,flipping,313,120,193,0.38338658146964855
factors_finance,2,22,emotion_aware,linear_svm,word,0.1,0.1,category,all,numerical,373,111,262,0.2975871313672922
factors_finance,2,22,emotion_aware,linear_svm,word,0.1,0.1,category,all,sentiment,206,70,136,0.33980582524271846
factors_finance,2,22,emotion_aware,linear_svm,word,0.1,0.1,subset_category,hard_case,causal,43,6,37,0.13953488372093023
factors_finance,2,22,emotion_aware,linear_svm,word,0.1,0.1,subset_category,hard_case,flipping,7,2,5,0.2857142857142857
factors_finance,2,22,emotion_aware,linear_svm,word,0.1,0.1,subset_category,hard_case,numerical,20,6,14,0.3
factors_finance,2,22,emotion_aware,linear_svm,word,0.1,0.1,subset_category,hard_case,sentiment,53,14,39,0.2641509433962264
factors_finance,2,22,emotion_aware,linear_svm,word,0.1,0.1,subset_category,main,causal,188,41,147,0.21808510638297873
factors_finance,2,22,emotion_aware,linear_svm,word,0.1,0.1,subset_category,main,flipping,306,118,188,0.38562091503267976
factors_finance,2,22,emotion_aware,linear_svm,word,0.1,0.1,subset_category,main,numerical,353,105,248,0.29745042492917845
factors_finance,2,22,emotion_aware,linear_svm,word,0.1,0.1,subset_category,main,sentiment,153,56,97,0.3660130718954248
factors_finance,3,33,text_only,logistic_regression,word,0.1,,overall,all,all,1123,454,669,0.40427426536064115
factors_finance,3,33,text_only,logistic_regression,word,0.1,,overall_non_sentiment,all,non_sentiment,917,371,546,0.40458015267175573
factors_finance,3,33,text_only,logistic_regression,word,0.1,,subset,hard_case,all,123,33,90,0.2682926829268293
factors_finance,3,33,text_only,logistic_regression,word,0.1,,subset_non_sentiment,hard_case,non_sentiment,70,18,52,0.2571428571428571
factors_finance,3,33,text_only,logistic_regression,word,0.1,,subset,main,all,1000,421,579,0.421
factors_finance,3,33,text_only,logistic_regression,word,0.1,,subset_non_sentiment,main,non_sentiment,847,353,494,0.4167650531286895
factors_finance,3,33,text_only,logistic_regression,word,0.1,,category,all,causal,231,84,147,0.36363636363636365
factors_finance,3,33,text_only,logistic_regression,word,0.1,,category,all,flipping,313,147,166,0.4696485623003195
factors_finance,3,33,text_only,logistic_regression,word,0.1,,category,all,numerical,373,140,233,0.3753351206434316
factors_finance,3,33,text_only,logistic_regression,word,0.1,,category,all,sentiment,206,83,123,0.4029126213592233
factors_finance,3,33,text_only,logistic_regression,word,0.1,,subset_category,hard_case,causal,43,11,32,0.2558139534883721
factors_finance,3,33,text_only,logistic_regression,word,0.1,,subset_category,hard_case,flipping,7,1,6,0.14285714285714285
factors_finance,3,33,text_only,logistic_regression,word,0.1,,subset_category,hard_case,numerical,20,6,14,0.3
factors_finance,3,33,text_only,logistic_regression,word,0.1,,subset_category,hard_case,sentiment,53,15,38,0.2830188679245283
factors_finance,3,33,text_only,logistic_regression,word,0.1,,subset_category,main,causal,188,73,115,0.3882978723404255
factors_finance,3,33,text_only,logistic_regression,word,0.1,,subset_category,main,flipping,306,146,160,0.477124183006536
factors_finance,3,33,text_only,logistic_regression,word,0.1,,subset_category,main,numerical,353,134,219,0.37960339943342775
factors_finance,3,33,text_only,logistic_regression,word,0.1,,subset_category,main,sentiment,153,68,85,0.4444444444444444
factors_finance,3,33,emotion_aware,linear_svm,word,0.1,0.25,overall,all,all,1123,344,779,0.30632235084594833
factors_finance,3,33,emotion_aware,linear_svm,word,0.1,0.25,overall_non_sentiment,all,non_sentiment,917,259,658,0.2824427480916031
factors_finance,3,33,emotion_aware,linear_svm,word,0.1,0.25,subset,hard_case,all,123,33,90,0.2682926829268293
factors_finance,3,33,emotion_aware,linear_svm,word,0.1,0.25,subset_non_sentiment,hard_case,non_sentiment,70,13,57,0.18571428571428572
factors_finance,3,33,emotion_aware,linear_svm,word,0.1,0.25,subset,main,all,1000,311,689,0.311
factors_finance,3,33,emotion_aware,linear_svm,word,0.1,0.25,subset_non_sentiment,main,non_sentiment,847,246,601,0.29043683589138136
factors_finance,3,33,emotion_aware,linear_svm,word,0.1,0.25,category,all,causal,231,56,175,0.24242424242424243
factors_finance,3,33,emotion_aware,linear_svm,word,0.1,0.25,category,all,flipping,313,90,223,0.28753993610223644
factors_finance,3,33,emotion_aware,linear_svm,word,0.1,0.25,category,all,numerical,373,113,260,0.30294906166219837
factors_finance,3,33,emotion_aware,linear_svm,word,0.1,0.25,category,all,sentiment,206,85,121,0.41262135922330095
factors_finance,3,33,emotion_aware,linear_svm,word,0.1,0.25,subset_category,hard_case,causal,43,6,37,0.13953488372093023
factors_finance,3,33,emotion_aware,linear_svm,word,0.1,0.25,subset_category,hard_case,flipping,7,2,5,0.2857142857142857
factors_finance,3,33,emotion_aware,linear_svm,word,0.1,0.25,subset_category,hard_case,numerical,20,5,15,0.25
factors_finance,3,33,emotion_aware,linear_svm,word,0.1,0.25,subset_category,hard_case,sentiment,53,20,33,0.37735849056603776
factors_finance,3,33,emotion_aware,linear_svm,word,0.1,0.25,subset_category,main,causal,188,50,138,0.26595744680851063
factors_finance,3,33,emotion_aware,linear_svm,word,0.1,0.25,subset_category,main,flipping,306,88,218,0.2875816993464052
factors_finance,3,33,emotion_aware,linear_svm,word,0.1,0.25,subset_category,main,numerical,353,108,245,0.3059490084985836
factors_finance,3,33,emotion_aware,linear_svm,word,0.1,0.25,subset_category,main,sentiment,153,65,88,0.42483660130718953
factors_finance,4,44,text_only,logistic_regression,word_char,10.0,,overall,all,all,1123,436,687,0.38824577025823687
factors_finance,4,44,text_only,logistic_regression,word_char,10.0,,overall_non_sentiment,all,non_sentiment,917,374,543,0.4078516902944384
factors_finance,4,44,text_only,logistic_regression,word_char,10.0,,subset,hard_case,all,123,30,93,0.24390243902439024
factors_finance,4,44,text_only,logistic_regression,word_char,10.0,,subset_non_sentiment,hard_case,non_sentiment,70,19,51,0.2714285714285714
factors_finance,4,44,text_only,logistic_regression,word_char,10.0,,subset,main,all,1000,406,594,0.406
factors_finance,4,44,text_only,logistic_regression,word_char,10.0,,subset_non_sentiment,main,non_sentiment,847,355,492,0.41912632821723733
factors_finance,4,44,text_only,logistic_regression,word_char,10.0,,category,all,causal,231,64,167,0.27705627705627706
factors_finance,4,44,text_only,logistic_regression,word_char,10.0,,category,all,flipping,313,139,174,0.4440894568690096
factors_finance,4,44,text_only,logistic_regression,word_char,10.0,,category,all,numerical,373,171,202,0.4584450402144772
factors_finance,4,44,text_only,logistic_regression,word_char,10.0,,category,all,sentiment,206,62,144,0.30097087378640774
factors_finance,4,44,text_only,logistic_regression,word_char,10.0,,subset_category,hard_case,causal,43,10,33,0.23255813953488372
factors_finance,4,44,text_only,logistic_regression,word_char,10.0,,subset_category,hard_case,flipping,7,2,5,0.2857142857142857
factors_finance,4,44,text_only,logistic_regression,word_char,10.0,,subset_category,hard_case,numerical,20,7,13,0.35
factors_finance,4,44,text_only,logistic_regression,word_char,10.0,,subset_category,hard_case,sentiment,53,11,42,0.20754716981132076
factors_finance,4,44,text_only,logistic_regression,word_char,10.0,,subset_category,main,causal,188,54,134,0.2872340425531915
factors_finance,4,44,text_only,logistic_regression,word_char,10.0,,subset_category,main,flipping,306,137,169,0.4477124183006536
factors_finance,4,44,text_only,logistic_regression,word_char,10.0,,subset_category,main,numerical,353,164,189,0.46458923512747874
factors_finance,4,44,text_only,logistic_regression,word_char,10.0,,subset_category,main,sentiment,153,51,102,0.3333333333333333
factors_finance,4,44,emotion_aware,logistic_regression,word,1.0,0.25,overall,all,all,1123,349,774,0.3107747105966162
factors_finance,4,44,emotion_aware,logistic_regression,word,1.0,0.25,overall_non_sentiment,all,non_sentiment,917,263,654,0.28680479825517996
factors_finance,4,44,emotion_aware,logistic_regression,word,1.0,0.25,subset,hard_case,all,123,33,90,0.2682926829268293
factors_finance,4,44,emotion_aware,logistic_regression,word,1.0,0.25,subset_non_sentiment,hard_case,non_sentiment,70,13,57,0.18571428571428572
factors_finance,4,44,emotion_aware,logistic_regression,word,1.0,0.25,subset,main,all,1000,316,684,0.316
factors_finance,4,44,emotion_aware,logistic_regression,word,1.0,0.25,subset_non_sentiment,main,non_sentiment,847,250,597,0.29515938606847697
factors_finance,4,44,emotion_aware,logistic_regression,word,1.0,0.25,category,all,causal,231,56,175,0.24242424242424243
factors_finance,4,44,emotion_aware,logistic_regression,word,1.0,0.25,category,all,flipping,313,91,222,0.29073482428115016
factors_finance,4,44,emotion_aware,logistic_regression,word,1.0,0.25,category,all,numerical,373,116,257,0.3109919571045576
factors_finance,4,44,emotion_aware,logistic_regression,word,1.0,0.25,category,all,sentiment,206,86,120,0.4174757281553398
factors_finance,4,44,emotion_aware,logistic_regression,word,1.0,0.25,subset_category,hard_case,causal,43,6,37,0.13953488372093023
factors_finance,4,44,emotion_aware,logistic_regression,word,1.0,0.25,subset_category,hard_case,flipping,7,2,5,0.2857142857142857
factors_finance,4,44,emotion_aware,logistic_regression,word,1.0,0.25,subset_category,hard_case,numerical,20,5,15,0.25
factors_finance,4,44,emotion_aware,logistic_regression,word,1.0,0.25,subset_category,hard_case,sentiment,53,20,33,0.37735849056603776
factors_finance,4,44,emotion_aware,logistic_regression,word,1.0,0.25,subset_category,main,causal,188,50,138,0.26595744680851063
factors_finance,4,44,emotion_aware,logistic_regression,word,1.0,0.25,subset_category,main,flipping,306,89,217,0.2908496732026144
factors_finance,4,44,emotion_aware,logistic_regression,word,1.0,0.25,subset_category,main,numerical,353,111,242,0.31444759206798867
factors_finance,4,44,emotion_aware,logistic_regression,word,1.0,0.25,subset_category,main,sentiment,153,66,87,0.43137254901960786
factors_finance,5,55,text_only,logistic_regression,word_char,0.1,,overall,all,all,1123,385,738,0.3428317008014248
factors_finance,5,55,text_only,logistic_regression,word_char,0.1,,overall_non_sentiment,all,non_sentiment,917,320,597,0.3489640130861505
factors_finance,5,55,text_only,logistic_regression,word_char,0.1,,subset,hard_case,all,123,25,98,0.2032520325203252
factors_finance,5,55,text_only,logistic_regression,word_char,0.1,,subset_non_sentiment,hard_case,non_sentiment,70,17,53,0.24285714285714285
factors_finance,5,55,text_only,logistic_regression,word_char,0.1,,subset,main,all,1000,360,640,0.36
factors_finance,5,55,text_only,logistic_regression,word_char,0.1,,subset_non_sentiment,main,non_sentiment,847,303,544,0.3577331759149941
factors_finance,5,55,text_only,logistic_regression,word_char,0.1,,category,all,causal,231,67,164,0.29004329004329005
factors_finance,5,55,text_only,logistic_regression,word_char,0.1,,category,all,flipping,313,113,200,0.3610223642172524
factors_finance,5,55,text_only,logistic_regression,word_char,0.1,,category,all,numerical,373,140,233,0.3753351206434316
factors_finance,5,55,text_only,logistic_regression,word_char,0.1,,category,all,sentiment,206,65,141,0.3155339805825243
factors_finance,5,55,text_only,logistic_regression,word_char,0.1,,subset_category,hard_case,causal,43,10,33,0.23255813953488372
factors_finance,5,55,text_only,logistic_regression,word_char,0.1,,subset_category,hard_case,flipping,7,2,5,0.2857142857142857
factors_finance,5,55,text_only,logistic_regression,word_char,0.1,,subset_category,hard_case,numerical,20,5,15,0.25
factors_finance,5,55,text_only,logistic_regression,word_char,0.1,,subset_category,hard_case,sentiment,53,8,45,0.1509433962264151
factors_finance,5,55,text_only,logistic_regression,word_char,0.1,,subset_category,main,causal,188,57,131,0.30319148936170215
factors_finance,5,55,text_only,logistic_regression,word_char,0.1,,subset_category,main,flipping,306,111,195,0.3627450980392157
factors_finance,5,55,text_only,logistic_regression,word_char,0.1,,subset_category,main,numerical,353,135,218,0.38243626062322944
factors_finance,5,55,text_only,logistic_regression,word_char,0.1,,subset_category,main,sentiment,153,57,96,0.37254901960784315
factors_finance,5,55,emotion_aware,linear_svm,word_char,0.1,1.0,overall,all,all,1123,300,823,0.26714158504007124
factors_finance,5,55,emotion_aware,linear_svm,word_char,0.1,1.0,overall_non_sentiment,all,non_sentiment,917,224,693,0.24427480916030533
factors_finance,5,55,emotion_aware,linear_svm,word_char,0.1,1.0,subset,hard_case,all,123,33,90,0.2682926829268293
factors_finance,5,55,emotion_aware,linear_svm,word_char,0.1,1.0,subset_non_sentiment,hard_case,non_sentiment,70,15,55,0.21428571428571427
factors_finance,5,55,emotion_aware,linear_svm,word_char,0.1,1.0,subset,main,all,1000,267,733,0.267
factors_finance,5,55,emotion_aware,linear_svm,word_char,0.1,1.0,subset_non_sentiment,main,non_sentiment,847,209,638,0.24675324675324675
factors_finance,5,55,emotion_aware,linear_svm,word_char,0.1,1.0,category,all,causal,231,48,183,0.2077922077922078
factors_finance,5,55,emotion_aware,linear_svm,word_char,0.1,1.0,category,all,flipping,313,61,252,0.19488817891373802
factors_finance,5,55,emotion_aware,linear_svm,word_char,0.1,1.0,category,all,numerical,373,115,258,0.30831099195710454
factors_finance,5,55,emotion_aware,linear_svm,word_char,0.1,1.0,category,all,sentiment,206,76,130,0.36893203883495146
factors_finance,5,55,emotion_aware,linear_svm,word_char,0.1,1.0,subset_category,hard_case,causal,43,7,36,0.16279069767441862
factors_finance,5,55,emotion_aware,linear_svm,word_char,0.1,1.0,subset_category,hard_case,flipping,7,2,5,0.2857142857142857
factors_finance,5,55,emotion_aware,linear_svm,word_char,0.1,1.0,subset_category,hard_case,numerical,20,6,14,0.3
factors_finance,5,55,emotion_aware,linear_svm,word_char,0.1,1.0,subset_category,hard_case,sentiment,53,18,35,0.33962264150943394
factors_finance,5,55,emotion_aware,linear_svm,word_char,0.1,1.0,subset_category,main,causal,188,41,147,0.21808510638297873
factors_finance,5,55,emotion_aware,linear_svm,word_char,0.1,1.0,subset_category,main,flipping,306,59,247,0.19281045751633988
factors_finance,5,55,emotion_aware,linear_svm,word_char,0.1,1.0,subset_category,main,numerical,353,109,244,0.3087818696883853
factors_finance,5,55,emotion_aware,linear_svm,word_char,0.1,1.0,subset_category,main,sentiment,153,58,95,0.3790849673202614
factors_finance,6,66,text_only,linear_svm,word,10.0,,overall,all,all,1123,472,651,0.42030276046304543
factors_finance,6,66,text_only,linear_svm,word,10.0,,overall_non_sentiment,all,non_sentiment,917,395,522,0.430752453653217
factors_finance,6,66,text_only,linear_svm,word,10.0,,subset,hard_case,all,123,41,82,0.3333333333333333
factors_finance,6,66,text_only,linear_svm,word,10.0,,subset_non_sentiment,hard_case,non_sentiment,70,23,47,0.32857142857142857
factors_finance,6,66,text_only,linear_svm,word,10.0,,subset,main,all,1000,431,569,0.431
factors_finance,6,66,text_only,linear_svm,word,10.0,,subset_non_sentiment,main,non_sentiment,847,372,475,0.43919716646989376
factors_finance,6,66,text_only,linear_svm,word,10.0,,category,all,causal,231,70,161,0.30303030303030304
factors_finance,6,66,text_only,linear_svm,word,10.0,,category,all,flipping,313,156,157,0.4984025559105431
factors_finance,6,66,text_only,linear_svm,word,10.0,,category,all,numerical,373,169,204,0.45308310991957107
factors_finance,6,66,text_only,linear_svm,word,10.0,,category,all,sentiment,206,77,129,0.3737864077669903
factors_finance,6,66,text_only,linear_svm,word,10.0,,subset_category,hard_case,causal,43,12,31,0.27906976744186046
factors_finance,6,66,text_only,linear_svm,word,10.0,,subset_category,hard_case,flipping,7,2,5,0.2857142857142857
factors_finance,6,66,text_only,linear_svm,word,10.0,,subset_category,hard_case,numerical,20,9,11,0.45
factors_finance,6,66,text_only,linear_svm,word,10.0,,subset_category,hard_case,sentiment,53,18,35,0.33962264150943394
factors_finance,6,66,text_only,linear_svm,word,10.0,,subset_category,main,causal,188,58,130,0.30851063829787234
factors_finance,6,66,text_only,linear_svm,word,10.0,,subset_category,main,flipping,306,154,152,0.5032679738562091
factors_finance,6,66,text_only,linear_svm,word,10.0,,subset_category,main,numerical,353,160,193,0.45325779036827196
factors_finance,6,66,text_only,linear_svm,word,10.0,,subset_category,main,sentiment,153,59,94,0.38562091503267976
factors_finance,6,66,emotion_aware,logistic_regression,word,1.0,0.1,overall,all,all,1123,351,772,0.31255565449688333
factors_finance,6,66,emotion_aware,logistic_regression,word,1.0,0.1,overall_non_sentiment,all,non_sentiment,917,279,638,0.3042529989094875
factors_finance,6,66,emotion_aware,logistic_regression,word,1.0,0.1,subset,hard_case,all,123,28,95,0.22764227642276422
factors_finance,6,66,emotion_aware,logistic_regression,word,1.0,0.1,subset_non_sentiment,hard_case,non_sentiment,70,13,57,0.18571428571428572
factors_finance,6,66,emotion_aware,logistic_regression,word,1.0,0.1,subset,main,all,1000,323,677,0.323
factors_finance,6,66,emotion_aware,logistic_regression,word,1.0,0.1,subset_non_sentiment,main,non_sentiment,847,266,581,0.3140495867768595
factors_finance,6,66,emotion_aware,logistic_regression,word,1.0,0.1,category,all,causal,231,47,184,0.20346320346320346
factors_finance,6,66,emotion_aware,logistic_regression,word,1.0,0.1,category,all,flipping,313,118,195,0.3769968051118211
factors_finance,6,66,emotion_aware,logistic_regression,word,1.0,0.1,category,all,numerical,373,114,259,0.30563002680965146
factors_finance,6,66,emotion_aware,logistic_regression,word,1.0,0.1,category,all,sentiment,206,72,134,0.34951456310679613
factors_finance,6,66,emotion_aware,logistic_regression,word,1.0,0.1,subset_category,hard_case,causal,43,6,37,0.13953488372093023
factors_finance,6,66,emotion_aware,logistic_regression,word,1.0,0.1,subset_category,hard_case,flipping,7,1,6,0.14285714285714285
factors_finance,6,66,emotion_aware,logistic_regression,word,1.0,0.1,subset_category,hard_case,numerical,20,6,14,0.3
factors_finance,6,66,emotion_aware,logistic_regression,word,1.0,0.1,subset_category,hard_case,sentiment,53,15,38,0.2830188679245283
factors_finance,6,66,emotion_aware,logistic_regression,word,1.0,0.1,subset_category,main,causal,188,41,147,0.21808510638297873
factors_finance,6,66,emotion_aware,logistic_regression,word,1.0,0.1,subset_category,main,flipping,306,117,189,0.38235294117647056
factors_finance,6,66,emotion_aware,logistic_regression,word,1.0,0.1,subset_category,main,numerical,353,108,245,0.3059490084985836
factors_finance,6,66,emotion_aware,logistic_regression,word,1.0,0.1,subset_category,main,sentiment,153,57,96,0.37254901960784315
factors_finance,7,77,text_only,logistic_regression,word,0.1,,overall,all,all,1123,454,669,0.40427426536064115
factors_finance,7,77,text_only,logistic_regression,word,0.1,,overall_non_sentiment,all,non_sentiment,917,371,546,0.40458015267175573
factors_finance,7,77,text_only,logistic_regression,word,0.1,,subset,hard_case,all,123,33,90,0.2682926829268293
factors_finance,7,77,text_only,logistic_regression,word,0.1,,subset_non_sentiment,hard_case,non_sentiment,70,18,52,0.2571428571428571
factors_finance,7,77,text_only,logistic_regression,word,0.1,,subset,main,all,1000,421,579,0.421
factors_finance,7,77,text_only,logistic_regression,word,0.1,,subset_non_sentiment,main,non_sentiment,847,353,494,0.4167650531286895
factors_finance,7,77,text_only,logistic_regression,word,0.1,,category,all,causal,231,84,147,0.36363636363636365
factors_finance,7,77,text_only,logistic_regression,word,0.1,,category,all,flipping,313,147,166,0.4696485623003195
factors_finance,7,77,text_only,logistic_regression,word,0.1,,category,all,numerical,373,140,233,0.3753351206434316
factors_finance,7,77,text_only,logistic_regression,word,0.1,,category,all,sentiment,206,83,123,0.4029126213592233
factors_finance,7,77,text_only,logistic_regression,word,0.1,,subset_category,hard_case,causal,43,11,32,0.2558139534883721
factors_finance,7,77,text_only,logistic_regression,word,0.1,,subset_category,hard_case,flipping,7,1,6,0.14285714285714285
factors_finance,7,77,text_only,logistic_regression,word,0.1,,subset_category,hard_case,numerical,20,6,14,0.3
factors_finance,7,77,text_only,logistic_regression,word,0.1,,subset_category,hard_case,sentiment,53,15,38,0.2830188679245283
factors_finance,7,77,text_only,logistic_regression,word,0.1,,subset_category,main,causal,188,73,115,0.3882978723404255
factors_finance,7,77,text_only,logistic_regression,word,0.1,,subset_category,main,flipping,306,146,160,0.477124183006536
factors_finance,7,77,text_only,logistic_regression,word,0.1,,subset_category,main,numerical,353,134,219,0.37960339943342775
factors_finance,7,77,text_only,logistic_regression,word,0.1,,subset_category,main,sentiment,153,68,85,0.4444444444444444
factors_finance,7,77,emotion_aware,logistic_regression,word_char,1.0,0.05,overall,all,all,1123,353,770,0.3143365983971505
factors_finance,7,77,emotion_aware,logistic_regression,word_char,1.0,0.05,overall_non_sentiment,all,non_sentiment,917,299,618,0.3260632497273719
factors_finance,7,77,emotion_aware,logistic_regression,word_char,1.0,0.05,subset,hard_case,all,123,22,101,0.17886178861788618
factors_finance,7,77,emotion_aware,logistic_regression,word_char,1.0,0.05,subset_non_sentiment,hard_case,non_sentiment,70,15,55,0.21428571428571427
factors_finance,7,77,emotion_aware,logistic_regression,word_char,1.0,0.05,subset,main,all,1000,331,669,0.331
factors_finance,7,77,emotion_aware,logistic_regression,word_char,1.0,0.05,subset_non_sentiment,main,non_sentiment,847,284,563,0.33530106257378983
factors_finance,7,77,emotion_aware,logistic_regression,word_char,1.0,0.05,category,all,causal,231,50,181,0.21645021645021645
factors_finance,7,77,emotion_aware,logistic_regression,word_char,1.0,0.05,category,all,flipping,313,118,195,0.3769968051118211
factors_finance,7,77,emotion_aware,logistic_regression,word_char,1.0,0.05,category,all,numerical,373,131,242,0.3512064343163539
factors_finance,7,77,emotion_aware,logistic_regression,word_char,1.0,0.05,category,all,sentiment,206,54,152,0.2621359223300971
factors_finance,7,77,emotion_aware,logistic_regression,word_char,1.0,0.05,subset_category,hard_case,causal,43,8,35,0.18604651162790697
factors_finance,7,77,emotion_aware,logistic_regression,word_char,1.0,0.05,subset_category,hard_case,flipping,7,2,5,0.2857142857142857
factors_finance,7,77,emotion_aware,logistic_regression,word_char,1.0,0.05,subset_category,hard_case,numerical,20,5,15,0.25
factors_finance,7,77,emotion_aware,logistic_regression,word_char,1.0,0.05,subset_category,hard_case,sentiment,53,7,46,0.1320754716981132
factors_finance,7,77,emotion_aware,logistic_regression,word_char,1.0,0.05,subset_category,main,causal,188,42,146,0.22340425531914893
factors_finance,7,77,emotion_aware,logistic_regression,word_char,1.0,0.05,subset_category,main,flipping,306,116,190,0.3790849673202614
factors_finance,7,77,emotion_aware,logistic_regression,word_char,1.0,0.05,subset_category,main,numerical,353,126,227,0.35694050991501414
factors_finance,7,77,emotion_aware,logistic_regression,word_char,1.0,0.05,subset_category,main,sentiment,153,47,106,0.30718954248366015
factors_finance,8,88,text_only,logistic_regression,word_char,1.0,,overall,all,all,1123,405,718,0.3606411398040962
factors_finance,8,88,text_only,logistic_regression,word_char,1.0,,overall_non_sentiment,all,non_sentiment,917,346,571,0.37731733914940024
factors_finance,8,88,text_only,logistic_regression,word_char,1.0,,subset,hard_case,all,123,28,95,0.22764227642276422
factors_finance,8,88,text_only,logistic_regression,word_char,1.0,,subset_non_sentiment,hard_case,non_sentiment,70,20,50,0.2857142857142857
factors_finance,8,88,text_only,logistic_regression,word_char,1.0,,subset,main,all,1000,377,623,0.377
factors_finance,8,88,text_only,logistic_regression,word_char,1.0,,subset_non_sentiment,main,non_sentiment,847,326,521,0.38488783943329397
factors_finance,8,88,text_only,logistic_regression,word_char,1.0,,category,all,causal,231,62,169,0.2683982683982684
factors_finance,8,88,text_only,logistic_regression,word_char,1.0,,category,all,flipping,313,126,187,0.402555910543131
factors_finance,8,88,text_only,logistic_regression,word_char,1.0,,category,all,numerical,373,158,215,0.42359249329758714
factors_finance,8,88,text_only,logistic_regression,word_char,1.0,,category,all,sentiment,206,59,147,0.28640776699029125
factors_finance,8,88,text_only,logistic_regression,word_char,1.0,,subset_category,hard_case,causal,43,11,32,0.2558139534883721
factors_finance,8,88,text_only,logistic_regression,word_char,1.0,,subset_category,hard_case,flipping,7,2,5,0.2857142857142857
factors_finance,8,88,text_only,logistic_regression,word_char,1.0,,subset_category,hard_case,numerical,20,7,13,0.35
factors_finance,8,88,text_only,logistic_regression,word_char,1.0,,subset_category,hard_case,sentiment,53,8,45,0.1509433962264151
factors_finance,8,88,text_only,logistic_regression,word_char,1.0,,subset_category,main,causal,188,51,137,0.2712765957446808
factors_finance,8,88,text_only,logistic_regression,word_char,1.0,,subset_category,main,flipping,306,124,182,0.40522875816993464
factors_finance,8,88,text_only,logistic_regression,word_char,1.0,,subset_category,main,numerical,353,151,202,0.42776203966005666
factors_finance,8,88,text_only,logistic_regression,word_char,1.0,,subset_category,main,sentiment,153,51,102,0.3333333333333333
factors_finance,8,88,emotion_aware,logistic_regression,word_char,1.0,0.5,overall,all,all,1123,308,815,0.2742653606411398
factors_finance,8,88,emotion_aware,logistic_regression,word_char,1.0,0.5,overall_non_sentiment,all,non_sentiment,917,231,686,0.25190839694656486
factors_finance,8,88,emotion_aware,logistic_regression,word_char,1.0,0.5,subset,hard_case,all,123,33,90,0.2682926829268293
factors_finance,8,88,emotion_aware,logistic_regression,word_char,1.0,0.5,subset_non_sentiment,hard_case,non_sentiment,70,15,55,0.21428571428571427
factors_finance,8,88,emotion_aware,logistic_regression,word_char,1.0,0.5,subset,main,all,1000,275,725,0.275
factors_finance,8,88,emotion_aware,logistic_regression,word_char,1.0,0.5,subset_non_sentiment,main,non_sentiment,847,216,631,0.2550177095631641
factors_finance,8,88,emotion_aware,logistic_regression,word_char,1.0,0.5,category,all,causal,231,50,181,0.21645021645021645
factors_finance,8,88,emotion_aware,logistic_regression,word_char,1.0,0.5,category,all,flipping,313,64,249,0.20447284345047922
factors_finance,8,88,emotion_aware,logistic_regression,word_char,1.0,0.5,category,all,numerical,373,117,256,0.3136729222520107
factors_finance,8,88,emotion_aware,logistic_regression,word_char,1.0,0.5,category,all,sentiment,206,77,129,0.3737864077669903
factors_finance,8,88,emotion_aware,logistic_regression,word_char,1.0,0.5,subset_category,hard_case,causal,43,7,36,0.16279069767441862
factors_finance,8,88,emotion_aware,logistic_regression,word_char,1.0,0.5,subset_category,hard_case,flipping,7,2,5,0.2857142857142857
factors_finance,8,88,emotion_aware,logistic_regression,word_char,1.0,0.5,subset_category,hard_case,numerical,20,6,14,0.3
factors_finance,8,88,emotion_aware,logistic_regression,word_char,1.0,0.5,subset_category,hard_case,sentiment,53,18,35,0.33962264150943394
factors_finance,8,88,emotion_aware,logistic_regression,word_char,1.0,0.5,subset_category,main,causal,188,43,145,0.22872340425531915
factors_finance,8,88,emotion_aware,logistic_regression,word_char,1.0,0.5,subset_category,main,flipping,306,62,244,0.20261437908496732
factors_finance,8,88,emotion_aware,logistic_regression,word_char,1.0,0.5,subset_category,main,numerical,353,111,242,0.31444759206798867
factors_finance,8,88,emotion_aware,logistic_regression,word_char,1.0,0.5,subset_category,main,sentiment,153,59,94,0.38562091503267976
factors_finance,9,99,text_only,linear_svm,word,1.0,,overall,all,all,1123,432,691,0.3846838824577026
factors_finance,9,99,text_only,linear_svm,word,1.0,,overall_non_sentiment,all,non_sentiment,917,362,555,0.39476553980370777
factors_finance,9,99,text_only,linear_svm,word,1.0,,subset,hard_case,all,123,33,90,0.2682926829268293
factors_finance,9,99,text_only,linear_svm,word,1.0,,subset_non_sentiment,hard_case,non_sentiment,70,17,53,0.24285714285714285
factors_finance,9,99,text_only,linear_svm,word,1.0,,subset,main,all,1000,399,601,0.399
factors_finance,9,99,text_only,linear_svm,word,1.0,,subset_non_sentiment,main,non_sentiment,847,345,502,0.40731995277449823
factors_finance,9,99,text_only,linear_svm,word,1.0,,category,all,causal,231,59,172,0.2554112554112554
factors_finance,9,99,text_only,linear_svm,word,1.0,,category,all,flipping,313,143,170,0.45686900958466453
factors_finance,9,99,text_only,linear_svm,word,1.0,,category,all,numerical,373,160,213,0.4289544235924933
factors_finance,9,99,text_only,linear_svm,word,1.0,,category,all,sentiment,206,70,136,0.33980582524271846
factors_finance,9,99,text_only,linear_svm,word,1.0,,subset_category,hard_case,causal,43,9,34,0.20930232558139536
factors_finance,9,99,text_only,linear_svm,word,1.0,,subset_category,hard_case,flipping,7,1,6,0.14285714285714285
factors_finance,9,99,text_only,linear_svm,word,1.0,,subset_category,hard_case,numerical,20,7,13,0.35
factors_finance,9,99,text_only,linear_svm,word,1.0,,subset_category,hard_case,sentiment,53,16,37,0.3018867924528302
factors_finance,9,99,text_only,linear_svm,word,1.0,,subset_category,main,causal,188,50,138,0.26595744680851063
factors_finance,9,99,text_only,linear_svm,word,1.0,,subset_category,main,flipping,306,142,164,0.46405228758169936
factors_finance,9,99,text_only,linear_svm,word,1.0,,subset_category,main,numerical,353,153,200,0.43342776203966005
factors_finance,9,99,text_only,linear_svm,word,1.0,,subset_category,main,sentiment,153,54,99,0.35294117647058826
factors_finance,9,99,emotion_aware,logistic_regression,word,10.0,0.05,overall,all,all,1123,381,742,0.3392698130008905
factors_finance,9,99,emotion_aware,logistic_regression,word,10.0,0.05,overall_non_sentiment,all,non_sentiment,917,319,598,0.3478735005452563
factors_finance,9,99,emotion_aware,logistic_regression,word,10.0,0.05,subset,hard_case,all,123,29,94,0.23577235772357724
factors_finance,9,99,emotion_aware,logistic_regression,word,10.0,0.05,subset_non_sentiment,hard_case,non_sentiment,70,16,54,0.22857142857142856
factors_finance,9,99,emotion_aware,logistic_regression,word,10.0,0.05,subset,main,all,1000,352,648,0.352
factors_finance,9,99,emotion_aware,logistic_regression,word,10.0,0.05,subset_non_sentiment,main,non_sentiment,847,303,544,0.3577331759149941
factors_finance,9,99,emotion_aware,logistic_regression,word,10.0,0.05,category,all,causal,231,50,181,0.21645021645021645
factors_finance,9,99,emotion_aware,logistic_regression,word,10.0,0.05,category,all,flipping,313,135,178,0.43130990415335463
factors_finance,9,99,emotion_aware,logistic_regression,word,10.0,0.05,category,all,numerical,373,134,239,0.35924932975871315
factors_finance,9,99,emotion_aware,logistic_regression,word,10.0,0.05,category,all,sentiment,206,62,144,0.30097087378640774
factors_finance,9,99,emotion_aware,logistic_regression,word,10.0,0.05,subset_category,hard_case,causal,43,8,35,0.18604651162790697
factors_finance,9,99,emotion_aware,logistic_regression,word,10.0,0.05,subset_category,hard_case,flipping,7,1,6,0.14285714285714285
factors_finance,9,99,emotion_aware,logistic_regression,word,10.0,0.05,subset_category,hard_case,numerical,20,7,13,0.35
factors_finance,9,99,emotion_aware,logistic_regression,word,10.0,0.05,subset_category,hard_case,sentiment,53,13,40,0.24528301886792453
factors_finance,9,99,emotion_aware,logistic_regression,word,10.0,0.05,subset_category,main,causal,188,42,146,0.22340425531914893
factors_finance,9,99,emotion_aware,logistic_regression,word,10.0,0.05,subset_category,main,flipping,306,134,172,0.43790849673202614
factors_finance,9,99,emotion_aware,logistic_regression,word,10.0,0.05,subset_category,main,numerical,353,127,226,0.3597733711048159
factors_finance,9,99,emotion_aware,logistic_regression,word,10.0,0.05,subset_category,main,sentiment,153,49,104,0.3202614379084967
factors_finance,10,110,text_only,linear_svm,word,0.1,,overall,all,all,1123,454,669,0.40427426536064115
factors_finance,10,110,text_only,linear_svm,word,0.1,,overall_non_sentiment,all,non_sentiment,917,373,544,0.40676117775354415
factors_finance,10,110,text_only,linear_svm,word,0.1,,subset,hard_case,all,123,28,95,0.22764227642276422
factors_finance,10,110,text_only,linear_svm,word,0.1,,subset_non_sentiment,hard_case,non_sentiment,70,16,54,0.22857142857142856
factors_finance,10,110,text_only,linear_svm,word,0.1,,subset,main,all,1000,426,574,0.426
factors_finance,10,110,text_only,linear_svm,word,0.1,,subset_non_sentiment,main,non_sentiment,847,357,490,0.4214876033057851
factors_finance,10,110,text_only,linear_svm,word,0.1,,category,all,causal,231,77,154,0.3333333333333333
factors_finance,10,110,text_only,linear_svm,word,0.1,,category,all,flipping,313,146,167,0.46645367412140576
factors_finance,10,110,text_only,linear_svm,word,0.1,,category,all,numerical,373,150,223,0.40214477211796246
factors_finance,10,110,text_only,linear_svm,word,0.1,,category,all,sentiment,206,81,125,0.3932038834951456
factors_finance,10,110,text_only,linear_svm,word,0.1,,subset_category,hard_case,causal,43,9,34,0.20930232558139536
factors_finance,10,110,text_only,linear_svm,word,0.1,,subset_category,hard_case,flipping,7,1,6,0.14285714285714285
factors_finance,10,110,text_only,linear_svm,word,0.1,,subset_category,hard_case,numerical,20,6,14,0.3
factors_finance,10,110,text_only,linear_svm,word,0.1,,subset_category,hard_case,sentiment,53,12,41,0.22641509433962265
factors_finance,10,110,text_only,linear_svm,word,0.1,,subset_category,main,causal,188,68,120,0.3617021276595745
factors_finance,10,110,text_only,linear_svm,word,0.1,,subset_category,main,flipping,306,145,161,0.4738562091503268
factors_finance,10,110,text_only,linear_svm,word,0.1,,subset_category,main,numerical,353,144,209,0.40793201133144474
factors_finance,10,110,text_only,linear_svm,word,0.1,,subset_category,main,sentiment,153,69,84,0.45098039215686275
factors_finance,10,110,emotion_aware,logistic_regression,word,0.1,0.05,overall,all,all,1123,365,758,0.3250222617987533
factors_finance,10,110,emotion_aware,logistic_regression,word,0.1,0.05,overall_non_sentiment,all,non_sentiment,917,300,617,0.3271537622682661
factors_finance,10,110,emotion_aware,logistic_regression,word,0.1,0.05,subset,hard_case,all,123,27,96,0.21951219512195122
factors_finance,10,110,emotion_aware,logistic_regression,word,0.1,0.05,subset_non_sentiment,hard_case,non_sentiment,70,15,55,0.21428571428571427
factors_finance,10,110,emotion_aware,logistic_regression,word,0.1,0.05,subset,main,all,1000,338,662,0.338
factors_finance,10,110,emotion_aware,logistic_regression,word,0.1,0.05,subset_non_sentiment,main,non_sentiment,847,285,562,0.3364817001180638
factors_finance,10,110,emotion_aware,logistic_regression,word,0.1,0.05,category,all,causal,231,55,176,0.23809523809523808
factors_finance,10,110,emotion_aware,logistic_regression,word,0.1,0.05,category,all,flipping,313,140,173,0.4472843450479233
factors_finance,10,110,emotion_aware,logistic_regression,word,0.1,0.05,category,all,numerical,373,105,268,0.28150134048257375
factors_finance,10,110,emotion_aware,logistic_regression,word,0.1,0.05,category,all,sentiment,206,65,141,0.3155339805825243
factors_finance,10,110,emotion_aware,logistic_regression,word,0.1,0.05,subset_category,hard_case,causal,43,9,34,0.20930232558139536
factors_finance,10,110,emotion_aware,logistic_regression,word,0.1,0.05,subset_category,hard_case,flipping,7,1,6,0.14285714285714285
factors_finance,10,110,emotion_aware,logistic_regression,word,0.1,0.05,subset_category,hard_case,numerical,20,5,15,0.25
factors_finance,10,110,emotion_aware,logistic_regression,word,0.1,0.05,subset_category,hard_case,sentiment,53,12,41,0.22641509433962265
factors_finance,10,110,emotion_aware,logistic_regression,word,0.1,0.05,subset_category,main,causal,188,46,142,0.24468085106382978
factors_finance,10,110,emotion_aware,logistic_regression,word,0.1,0.05,subset_category,main,flipping,306,139,167,0.4542483660130719
factors_finance,10,110,emotion_aware,logistic_regression,word,0.1,0.05,subset_category,main,numerical,353,100,253,0.28328611898017
factors_finance,10,110,emotion_aware,logistic_regression,word,0.1,0.05,subset_category,main,sentiment,153,53,100,0.3464052287581699
