dataset,repetition,outer_seed,outer_fold,model,train_rows,test_rows,ngram_range,min_df,C,accuracy,balanced_accuracy,precision,recall,f1,macro_f1
liar2_finance,1,11,1,text_only,1638,410,1-2,1,1.0,0.6658536585365854,0.6658536585365853,0.6588785046728972,0.6878048780487804,0.6730310262529833,0.6656925704831
liar2_finance,1,11,1,emotion_aware,1638,410,1-2,2,1.0,0.6829268292682927,0.6829268292682926,0.6794258373205742,0.6926829268292682,0.6859903381642513,0.6828966469146379
liar2_finance,1,11,2,text_only,1638,410,1-2,2,1.0,0.624390243902439,0.624390243902439,0.6231884057971014,0.6292682926829268,0.6262135922330098,0.6243813059204264
liar2_finance,1,11,2,emotion_aware,1638,410,1-2,2,1.0,0.6292682926829268,0.6292682926829268,0.6267942583732058,0.6390243902439025,0.6328502415458938,0.629233002546346
liar2_finance,1,11,3,text_only,1638,410,1-2,1,1.0,0.6658536585365854,0.6658536585365853,0.6847826086956522,0.6146341463414634,0.6478149100257069,0.664974740395684
liar2_finance,1,11,3,emotion_aware,1638,410,1-1,2,1.0,0.6268292682926829,0.6268292682926828,0.6444444444444445,0.5658536585365853,0.6025974025974026,0.625436632333184
liar2_finance,1,11,4,text_only,1638,410,1-2,1,1.0,0.6414634146341464,0.6414634146341464,0.6542553191489362,0.6,0.6259541984732825,0.6408459516956576
liar2_finance,1,11,4,emotion_aware,1638,410,1-1,1,1.0,0.6487804878048781,0.6487804878048781,0.6517412935323383,0.6390243902439025,0.645320197044335,0.6487470550439066
liar2_finance,1,11,5,text_only,1640,408,1-2,1,10.0,0.6838235294117647,0.6838235294117647,0.6963350785340314,0.6519607843137255,0.6734177215189874,0.6835022099281398
liar2_finance,1,11,5,emotion_aware,1640,408,1-2,1,10.0,0.6813725490196079,0.6813725490196079,0.6907216494845361,0.6568627450980392,0.6733668341708543,0.6811810247409296
liar2_finance,2,22,1,text_only,1638,410,1-2,2,1.0,0.6292682926829268,0.6292682926829268,0.6267942583732058,0.6390243902439025,0.6328502415458938,0.629233002546346
liar2_finance,2,22,1,emotion_aware,1638,410,1-2,1,10.0,0.6536585365853659,0.6536585365853659,0.6567164179104478,0.6439024390243903,0.6502463054187192,0.6536255681682968
liar2_finance,2,22,2,text_only,1638,410,1-2,1,10.0,0.6585365853658537,0.6585365853658536,0.6737967914438503,0.6146341463414634,0.6428571428571429,0.6578771695594126
liar2_finance,2,22,2,emotion_aware,1638,410,1-2,1,10.0,0.6609756097560976,0.6609756097560975,0.6701030927835051,0.6341463414634146,0.6516290726817042,0.6607314009489281
liar2_finance,2,22,3,text_only,1638,410,1-2,2,1.0,0.7024390243902439,0.7024390243902439,0.6966824644549763,0.7170731707317073,0.7067307692307693,0.7023752856054837
liar2_finance,2,22,3,emotion_aware,1638,410,1-2,1,10.0,0.6951219512195121,0.6951219512195121,0.6904761904761905,0.7073170731707317,0.6987951807228916,0.6950766027071248
liar2_finance,2,22,4,text_only,1638,410,1-2,1,10.0,0.6658536585365854,0.6658536585365853,0.6847826086956522,0.6146341463414634,0.6478149100257069,0.664974740395684
liar2_finance,2,22,4,emotion_aware,1638,410,1-2,1,10.0,0.6609756097560976,0.6609756097560975,0.6853932584269663,0.5951219512195122,0.6370757180156658,0.6594989574060022
liar2_finance,2,22,5,text_only,1640,408,1-2,1,0.1,0.6299019607843137,0.6299019607843137,0.6373056994818653,0.6029411764705882,0.6196473551637279,0.6296327467942744
liar2_finance,2,22,5,emotion_aware,1640,408,1-2,1,10.0,0.6421568627450981,0.6421568627450981,0.6629213483146067,0.5784313725490197,0.6178010471204188,0.640697758583251
liar2_finance,3,33,1,text_only,1638,410,1-2,1,1.0,0.6682926829268293,0.6682926829268292,0.6885245901639344,0.6146341463414634,0.6494845360824743,0.6673348606338297
liar2_finance,3,33,1,emotion_aware,1638,410,1-2,2,1.0,0.6609756097560976,0.6609756097560975,0.6736842105263158,0.624390243902439,0.6481012658227848,0.6605212211466865
liar2_finance,3,33,2,text_only,1638,410,1-2,2,1.0,0.6829268292682927,0.6829268292682926,0.6794258373205742,0.6926829268292682,0.6859903381642513,0.6828966469146379
liar2_finance,3,33,2,emotion_aware,1638,410,1-2,2,1.0,0.7146341463414634,0.7146341463414634,0.7178217821782178,0.7073170731707317,0.7125307125307125,0.7146188671612401
liar2_finance,3,33,3,text_only,1638,410,1-2,2,0.1,0.6536585365853659,0.6536585365853659,0.6632124352331606,0.624390243902439,0.6432160804020101,0.6533615947033746
liar2_finance,3,33,3,emotion_aware,1638,410,1-2,1,1.0,0.6317073170731707,0.6317073170731707,0.6588235294117647,0.5463414634146342,0.5973333333333334,0.6290037453183521
liar2_finance,3,33,4,text_only,1638,410,1-2,2,1.0,0.6121951219512195,0.6121951219512195,0.6138613861386139,0.6048780487804878,0.6093366093366094,0.6121743579370698
liar2_finance,3,33,4,emotion_aware,1638,410,1-2,1,10.0,0.6268292682926829,0.6268292682926829,0.63,0.6146341463414634,0.6222222222222222,0.6267737617135207
liar2_finance,3,33,5,text_only,1640,408,1-2,1,1.0,0.6372549019607843,0.6372549019607843,0.6414141414141414,0.6225490196078431,0.6318407960199005,0.6371764366572932
liar2_finance,3,33,5,emotion_aware,1640,408,1-2,1,10.0,0.6519607843137255,0.6519607843137255,0.6597938144329897,0.6274509803921569,0.6432160804020101,0.6517515808708615
liar2_finance,4,44,1,text_only,1638,410,1-2,1,1.0,0.6780487804878049,0.6780487804878048,0.6910994764397905,0.6439024390243903,0.6666666666666666,0.6776729559748427
liar2_finance,4,44,1,emotion_aware,1638,410,1-2,1,10.0,0.7,0.7,0.7180851063829787,0.6585365853658537,0.6870229007633588,0.6994833473371829
liar2_finance,4,44,2,text_only,1638,410,1-2,1,10.0,0.651219512195122,0.6512195121951219,0.6703296703296703,0.5951219512195122,0.6304909560723514,0.6501184572509563
liar2_finance,4,44,2,emotion_aware,1638,410,1-2,1,10.0,0.6463414634146342,0.646341463414634,0.6630434782608695,0.5951219512195122,0.6272493573264781,0.645411221586673
liar2_finance,4,44,3,text_only,1638,410,1-2,1,10.0,0.6902439024390243,0.6902439024390243,0.7074468085106383,0.6487804878048781,0.6768447837150128,0.6897104480635954
liar2_finance,4,44,3,emotion_aware,1638,410,1-2,1,10.0,0.6780487804878049,0.6780487804878048,0.6910994764397905,0.6439024390243903,0.6666666666666666,0.6776729559748427
liar2_finance,4,44,4,text_only,1638,410,1-2,1,10.0,0.6585365853658537,0.6585365853658536,0.6701570680628273,0.624390243902439,0.6464646464646465,0.6581379836096817
liar2_finance,4,44,4,emotion_aware,1638,410,1-2,1,10.0,0.6634146341463415,0.6634146341463414,0.6735751295336787,0.6341463414634146,0.6532663316582915,0.6631260568244064
liar2_finance,4,44,5,text_only,1640,408,1-2,2,0.1,0.6397058823529411,0.6397058823529411,0.6432160804020101,0.6274509803921569,0.6352357320099256,0.6396517643100474
liar2_finance,4,44,5,emotion_aware,1640,408,1-1,2,1.0,0.6544117647058824,0.6544117647058822,0.6412556053811659,0.7009803921568627,0.6697892271662763,0.6536606804211844
liar2_finance,5,55,1,text_only,1638,410,1-2,1,1.0,0.6634146341463415,0.6634146341463414,0.6772486772486772,0.624390243902439,0.649746192893401,0.662901265460785
liar2_finance,5,55,1,emotion_aware,1638,410,1-2,1,10.0,0.6658536585365854,0.6658536585365853,0.6808510638297872,0.624390243902439,0.6513994910941476,0.6652781998796264
liar2_finance,5,55,2,text_only,1638,410,1-2,1,10.0,0.6463414634146342,0.6463414634146342,0.6415094339622641,0.6634146341463415,0.6522781774580336,0.6462383443121433
liar2_finance,5,55,2,emotion_aware,1638,410,1-2,1,10.0,0.6536585365853659,0.6536585365853659,0.6465116279069767,0.6780487804878049,0.6619047619047619,0.6534523809523809
liar2_finance,5,55,3,text_only,1638,410,1-2,1,10.0,0.6707317073170732,0.6707317073170731,0.6881720430107527,0.624390243902439,0.6547314578005116,0.6700230715575984
liar2_finance,5,55,3,emotion_aware,1638,410,1-2,1,10.0,0.6804878048780488,0.6804878048780487,0.7055555555555556,0.6195121951219512,0.6597402597402597,0.6792954172264517
liar2_finance,5,55,4,text_only,1638,410,1-1,2,0.1,0.6585365853658537,0.6585365853658537,0.6540284360189573,0.6731707317073171,0.6634615384615384,0.658463442498096
liar2_finance,5,55,4,emotion_aware,1638,410,1-1,2,1.0,0.6560975609756098,0.6560975609756098,0.6616161616161617,0.6390243902439025,0.6501240694789082,0.6559972865380153
liar2_finance,5,55,5,text_only,1640,408,1-2,1,10.0,0.6691176470588235,0.6691176470588235,0.6927374301675978,0.6078431372549019,0.6475195822454308,0.6678706456261796
liar2_finance,5,55,5,emotion_aware,1640,408,1-2,1,10.0,0.6764705882352942,0.6764705882352942,0.7,0.6176470588235294,0.65625,0.6753472222222222
liar2_finance,6,66,1,text_only,1638,410,1-1,2,0.1,0.6487804878048781,0.6487804878048781,0.6564102564102564,0.624390243902439,0.64,0.6485714285714286
liar2_finance,6,66,1,emotion_aware,1638,410,1-2,2,1.0,0.6268292682926829,0.6268292682926829,0.6413043478260869,0.5756097560975609,0.6066838046272494,0.6258477027776618
liar2_finance,6,66,2,text_only,1638,410,1-2,1,0.1,0.6365853658536585,0.6365853658536585,0.6372549019607843,0.6341463414634146,0.6356968215158925,0.6365832039452941
liar2_finance,6,66,2,emotion_aware,1638,410,1-2,2,10.0,0.6658536585365854,0.6658536585365853,0.6588785046728972,0.6878048780487804,0.6730310262529833,0.6656925704831
liar2_finance,6,66,3,text_only,1638,410,1-2,2,1.0,0.6317073170731707,0.6317073170731707,0.6363636363636364,0.6146341463414634,0.6253101736972705,0.6315999309733356
liar2_finance,6,66,3,emotion_aware,1638,410,1-1,1,1.0,0.6463414634146342,0.6463414634146342,0.654639175257732,0.6195121951219512,0.6365914786967418,0.6460867132201049
liar2_finance,6,66,4,text_only,1638,410,1-2,2,1.0,0.6463414634146342,0.6463414634146342,0.6415094339622641,0.6634146341463415,0.6522781774580336,0.6462383443121433
liar2_finance,6,66,4,emotion_aware,1638,410,1-2,1,10.0,0.6634146341463415,0.6634146341463415,0.6618357487922706,0.6682926829268293,0.6650485436893204,0.6634066247858367
liar2_finance,6,66,5,text_only,1640,408,1-2,2,1.0,0.6887254901960784,0.6887254901960784,0.6934673366834171,0.6764705882352942,0.684863523573201,0.6886787351522179
liar2_finance,6,66,5,emotion_aware,1640,408,1-2,2,10.0,0.6568627450980392,0.6568627450980392,0.6702127659574468,0.6176470588235294,0.6428571428571429,0.65633423180593
liar2_finance,7,77,1,text_only,1638,410,1-2,1,10.0,0.6487804878048781,0.648780487804878,0.6648648648648648,0.6,0.6307692307692307,0.6479427549194992
liar2_finance,7,77,1,emotion_aware,1638,410,1-2,1,10.0,0.651219512195122,0.6512195121951219,0.6648936170212766,0.6097560975609756,0.6361323155216285,0.6506188509692452
liar2_finance,7,77,2,text_only,1638,410,1-2,1,10.0,0.6341463414634146,0.6341463414634146,0.6328502415458938,0.6390243902439025,0.6359223300970874,0.6341376356367789
liar2_finance,7,77,2,emotion_aware,1638,410,1-2,1,10.0,0.675609756097561,0.6756097560975609,0.68,0.6634146341463415,0.671604938271605,0.6755615052803807
liar2_finance,7,77,3,text_only,1638,410,1-2,2,1.0,0.6536585365853659,0.6536585365853659,0.6507177033492823,0.6634146341463415,0.6570048309178744,0.6536255681682968
liar2_finance,7,77,3,emotion_aware,1638,410,1-2,2,1.0,0.6463414634146342,0.6463414634146342,0.6515151515151515,0.6292682926829268,0.6401985111662531,0.6462383443121433
liar2_finance,7,77,4,text_only,1638,410,1-2,1,0.1,0.697560975609756,0.697560975609756,0.7035175879396985,0.6829268292682927,0.693069306930693,0.697496191926885
liar2_finance,7,77,4,emotion_aware,1638,410,1-1,2,1.0,0.7,0.7,0.6971153846153846,0.7073170731707317,0.7021791767554479,0.6999839372720729
liar2_finance,7,77,5,text_only,1640,408,1-2,2,1.0,0.6078431372549019,0.607843137254902,0.6134020618556701,0.5833333333333334,0.5979899497487438,0.6076074150657594
liar2_finance,7,77,5,emotion_aware,1640,408,1-2,1,10.0,0.6176470588235294,0.6176470588235294,0.6348314606741573,0.553921568627451,0.5916230366492147,0.6160880160204598
liar2_finance,8,88,1,text_only,1638,410,1-2,1,10.0,0.6487804878048781,0.648780487804878,0.6631016042780749,0.6048780487804878,0.6326530612244898,0.6481022315468243
liar2_finance,8,88,1,emotion_aware,1638,410,1-2,1,10.0,0.6487804878048781,0.648780487804878,0.6631016042780749,0.6048780487804878,0.6326530612244898,0.6481022315468243
liar2_finance,8,88,2,text_only,1638,410,1-2,1,10.0,0.6390243902439025,0.6390243902439023,0.654054054054054,0.5902439024390244,0.6205128205128205,0.6381633870005963
liar2_finance,8,88,2,emotion_aware,1638,410,1-2,1,10.0,0.6609756097560976,0.6609756097560975,0.6875,0.5902439024390244,0.6351706036745407,0.6592709510400039
liar2_finance,8,88,3,text_only,1638,410,1-1,1,1.0,0.6146341463414634,0.6146341463414634,0.6093023255813953,0.6390243902439025,0.6238095238095238,0.6144047619047619
liar2_finance,8,88,3,emotion_aware,1638,410,1-1,1,1.0,0.6146341463414634,0.6146341463414634,0.6135265700483091,0.6195121951219512,0.616504854368932,0.6146249762040739
liar2_finance,8,88,4,text_only,1638,410,1-2,1,1.0,0.6829268292682927,0.6829268292682926,0.6984126984126984,0.6439024390243903,0.6700507614213198,0.6824432210862468
liar2_finance,8,88,4,emotion_aware,1638,410,1-1,1,1.0,0.6853658536585366,0.6853658536585365,0.6881188118811881,0.6780487804878049,0.683046683046683,0.6853490073829056
liar2_finance,8,88,5,text_only,1640,408,1-1,2,1.0,0.6372549019607843,0.6372549019607843,0.6346153846153846,0.6470588235294118,0.6407766990291263,0.63722003268288
liar2_finance,8,88,5,emotion_aware,1640,408,1-1,2,1.0,0.6519607843137255,0.6519607843137255,0.6490384615384616,0.6617647058823529,0.6553398058252428,0.6519273286551956
liar2_finance,9,99,1,text_only,1638,410,1-2,1,10.0,0.6536585365853659,0.6536585365853659,0.6632124352331606,0.624390243902439,0.6432160804020101,0.6533615947033746
liar2_finance,9,99,1,emotion_aware,1638,410,1-2,1,10.0,0.6414634146341464,0.6414634146341462,0.657608695652174,0.5902439024390244,0.622107969151671,0.6405203418844202
liar2_finance,9,99,2,text_only,1638,410,1-2,1,1.0,0.651219512195122,0.6512195121951219,0.6648936170212766,0.6097560975609756,0.6361323155216285,0.6506188509692452
liar2_finance,9,99,2,emotion_aware,1638,410,1-2,1,1.0,0.6585365853658537,0.6585365853658536,0.6775956284153005,0.6048780487804878,0.6391752577319587,0.6575505918289424
liar2_finance,9,99,3,text_only,1638,410,1-2,2,1.0,0.6463414634146342,0.6463414634146342,0.6428571428571429,0.6585365853658537,0.6506024096385542,0.6462888591402647
liar2_finance,9,99,3,emotion_aware,1638,410,1-2,1,10.0,0.6560975609756098,0.6560975609756098,0.6649484536082474,0.6292682926829268,0.6466165413533834,0.6558498383726536
liar2_finance,9,99,4,text_only,1638,410,1-2,1,0.1,0.6682926829268293,0.6682926829268293,0.6699507389162561,0.6634146341463415,0.6666666666666666,0.6682847896440129
liar2_finance,9,99,4,emotion_aware,1638,410,1-1,1,1.0,0.6707317073170732,0.6707317073170731,0.6785714285714286,0.6487804878048781,0.6633416458852868,0.6705729709140038
liar2_finance,9,99,5,text_only,1640,408,1-2,1,10.0,0.6642156862745098,0.6642156862745098,0.675392670157068,0.6323529411764706,0.6531645569620254,0.6638744400012027
liar2_finance,9,99,5,emotion_aware,1640,408,1-2,1,10.0,0.6642156862745098,0.6642156862745098,0.675392670157068,0.6323529411764706,0.6531645569620254,0.6638744400012027
liar2_finance,10,110,1,text_only,1638,410,1-2,1,1.0,0.6609756097560976,0.6609756097560976,0.6586538461538461,0.6682926829268293,0.6634382566585957,0.6609574575676271
liar2_finance,10,110,1,emotion_aware,1638,410,1-2,2,1.0,0.6341463414634146,0.6341463414634146,0.6303317535545023,0.6487804878048781,0.6394230769230769,0.6340679741051027
liar2_finance,10,110,2,text_only,1638,410,1-2,1,1.0,0.6390243902439025,0.6390243902439025,0.6432160804020101,0.624390243902439,0.6336633663366337,0.6389470677837015
liar2_finance,10,110,2,emotion_aware,1638,410,1-2,1,1.0,0.6853658536585366,0.6853658536585365,0.7,0.6487804878048781,0.6734177215189874,0.6849441548771407
liar2_finance,10,110,3,text_only,1638,410,1-2,1,10.0,0.6463414634146342,0.6463414634146342,0.654639175257732,0.6195121951219512,0.6365914786967418,0.6460867132201049
liar2_finance,10,110,3,emotion_aware,1638,410,1-2,1,10.0,0.6487804878048781,0.6487804878048781,0.6580310880829016,0.6195121951219512,0.6381909547738693,0.6484793636428589
liar2_finance,10,110,4,text_only,1638,410,1-2,2,0.1,0.6585365853658537,0.6585365853658536,0.6836158192090396,0.5902439024390244,0.6335078534031413,0.6569365751033971
liar2_finance,10,110,4,emotion_aware,1638,410,1-1,2,1.0,0.6439024390243903,0.6439024390243903,0.6544502617801047,0.6097560975609756,0.6313131313131313,0.6434867543358109
liar2_finance,10,110,5,text_only,1640,408,1-2,2,0.1,0.5955882352941176,0.5955882352941176,0.5979899497487438,0.5833333333333334,0.5905707196029777,0.5955274905520942
liar2_finance,10,110,5,emotion_aware,1640,408,1-2,2,1.0,0.6666666666666666,0.6666666666666667,0.6752577319587629,0.6421568627450981,0.6582914572864321,0.6664663028058955
factors_finance,1,11,1,text_only,416,106,1-1,1,0.1,0.6132075471698113,0.6132075471698113,0.625,0.5660377358490566,0.594059405940594,0.6123450182856123
factors_finance,1,11,1,emotion_aware,416,106,1-1,2,1.0,0.5849056603773585,0.5849056603773585,0.6,0.5094339622641509,0.5510204081632653,0.5825277479412818
factors_finance,1,11,2,text_only,418,104,1-1,2,1.0,0.6826923076923077,0.6826923076923077,0.6938775510204082,0.6538461538461539,0.6732673267326733,0.6824280558897011
factors_finance,1,11,2,emotion_aware,418,104,1-2,2,10.0,0.6730769230769231,0.6730769230769231,0.68,0.6538461538461539,0.6666666666666666,0.6729559748427673
factors_finance,1,11,3,text_only,418,104,1-2,1,1.0,0.7307692307692307,0.7307692307692308,0.7142857142857143,0.7692307692307693,0.7407407407407407,0.7303703703703703
factors_finance,1,11,3,emotion_aware,418,104,1-1,2,10.0,0.6153846153846154,0.6153846153846154,0.6111111111111112,0.6346153846153846,0.6226415094339622,0.6152423233444321
factors_finance,1,11,4,text_only,418,104,1-2,1,1.0,0.5576923076923077,0.5576923076923077,0.5652173913043478,0.5,0.5306122448979592,0.5562152133580704
factors_finance,1,11,4,emotion_aware,418,104,1-1,2,1.0,0.5769230769230769,0.5769230769230769,0.5833333333333334,0.5384615384615384,0.56,0.5762962962962963
factors_finance,1,11,5,text_only,418,104,1-1,2,0.1,0.6057692307692307,0.6057692307692308,0.6078431372549019,0.5961538461538461,0.6019417475728155,0.6057327785483125
factors_finance,1,11,5,emotion_aware,418,104,1-2,1,10.0,0.5961538461538461,0.5961538461538461,0.5892857142857143,0.6346153846153846,0.6111111111111112,0.5955555555555556
factors_finance,2,22,1,text_only,416,106,1-2,1,10.0,0.6698113207547169,0.6698113207547169,0.6875,0.6226415094339622,0.6534653465346535,0.6690750156096691
factors_finance,2,22,1,emotion_aware,416,106,1-2,1,10.0,0.6320754716981132,0.6320754716981132,0.6666666666666666,0.5283018867924528,0.5894736842105263,0.6280701754385964
factors_finance,2,22,2,text_only,418,104,1-2,1,10.0,0.625,0.625,0.6140350877192983,0.6730769230769231,0.6422018348623854,0.6241312204614957
factors_finance,2,22,2,emotion_aware,418,104,1-1,2,10.0,0.6153846153846154,0.6153846153846154,0.603448275862069,0.6730769230769231,0.6363636363636364,0.6141001855287569
factors_finance,2,22,3,text_only,418,104,1-1,1,0.1,0.625,0.625,0.6382978723404256,0.5769230769230769,0.6060606060606061,0.6241312204614957
factors_finance,2,22,3,emotion_aware,418,104,1-2,1,10.0,0.6538461538461539,0.6538461538461539,0.6481481481481481,0.6730769230769231,0.660377358490566,0.6537180910099889
factors_finance,2,22,4,text_only,418,104,1-2,1,0.1,0.6153846153846154,0.6153846153846154,0.6428571428571429,0.5192307692307693,0.574468085106383,0.6117954460619635
factors_finance,2,22,4,emotion_aware,418,104,1-2,1,10.0,0.6442307692307693,0.6442307692307692,0.6666666666666666,0.5769230769230769,0.6185567010309279,0.6426116838487972
factors_finance,2,22,5,text_only,418,104,1-1,1,0.1,0.6057692307692307,0.6057692307692308,0.5932203389830508,0.6730769230769231,0.6306306306306306,0.6039751091297483
factors_finance,2,22,5,emotion_aware,418,104,1-1,1,10.0,0.6634615384615384,0.6634615384615384,0.673469387755102,0.6346153846153846,0.6534653465346535,0.6631812713981678
factors_finance,3,33,1,text_only,416,106,1-2,1,0.1,0.5754716981132075,0.5754716981132075,0.58,0.5471698113207547,0.5631067961165048,0.5751313797096286
factors_finance,3,33,1,emotion_aware,416,106,1-2,2,1.0,0.5660377358490566,0.5660377358490566,0.5686274509803921,0.5471698113207547,0.5576923076923077,0.565883190883191
factors_finance,3,33,2,text_only,418,104,1-1,1,10.0,0.6346153846153846,0.6346153846153846,0.6166666666666667,0.7115384615384616,0.6607142857142857,0.6324404761904762
factors_finance,3,33,2,emotion_aware,418,104,1-1,1,1.0,0.5769230769230769,0.5769230769230769,0.5689655172413793,0.6346153846153846,0.6,0.5755102040816327
factors_finance,3,33,3,text_only,418,104,1-2,2,0.1,0.5576923076923077,0.5576923076923077,0.5555555555555556,0.5769230769230769,0.5660377358490566,0.557528671846097
factors_finance,3,33,3,emotion_aware,418,104,1-1,1,10.0,0.5961538461538461,0.5961538461538461,0.5892857142857143,0.6346153846153846,0.6111111111111112,0.5955555555555556
factors_finance,3,33,4,text_only,418,104,1-1,2,1.0,0.5769230769230769,0.5769230769230769,0.5833333333333334,0.5384615384615384,0.56,0.5762962962962963
factors_finance,3,33,4,emotion_aware,418,104,1-1,2,1.0,0.6057692307692307,0.6057692307692308,0.6170212765957447,0.5576923076923077,0.5858585858585859,0.6048558984338801
factors_finance,3,33,5,text_only,418,104,1-1,2,0.1,0.6538461538461539,0.6538461538461539,0.6538461538461539,0.6538461538461539,0.6538461538461539,0.6538461538461539
factors_finance,3,33,5,emotion_aware,418,104,1-1,1,1.0,0.6826923076923077,0.6826923076923077,0.7111111111111111,0.6153846153846154,0.6597938144329897,0.6812482585678462
factors_finance,4,44,1,text_only,416,106,1-2,1,10.0,0.6509433962264151,0.6509433962264151,0.6481481481481481,0.660377358490566,0.6542056074766355,0.6509123275478416
factors_finance,4,44,1,emotion_aware,416,106,1-2,1,10.0,0.660377358490566,0.660377358490566,0.6666666666666666,0.6415094339622641,0.6538461538461539,0.6602564102564102
factors_finance,4,44,2,text_only,418,104,1-2,1,0.1,0.625,0.625,0.6140350877192983,0.6730769230769231,0.6422018348623854,0.6241312204614957
factors_finance,4,44,2,emotion_aware,418,104,1-2,1,10.0,0.6442307692307693,0.6442307692307692,0.6415094339622641,0.6538461538461539,0.6476190476190476,0.644197873324087
factors_finance,4,44,3,text_only,418,104,1-1,2,1.0,0.5961538461538461,0.5961538461538463,0.5833333333333334,0.6730769230769231,0.625,0.59375
factors_finance,4,44,3,emotion_aware,418,104,1-2,2,1.0,0.625,0.625,0.6140350877192983,0.6730769230769231,0.6422018348623854,0.6241312204614957
factors_finance,4,44,4,text_only,418,104,1-1,1,1.0,0.5961538461538461,0.5961538461538461,0.6086956521739131,0.5384615384615384,0.5714285714285714,0.5948051948051948
factors_finance,4,44,4,emotion_aware,418,104,1-1,1,10.0,0.625,0.625,0.6326530612244898,0.5961538461538461,0.6138613861386139,0.6246877024151013
factors_finance,4,44,5,text_only,418,104,1-1,2,0.1,0.6442307692307693,0.6442307692307692,0.6595744680851063,0.5961538461538461,0.6262626262626263,0.6434065424891113
factors_finance,4,44,5,emotion_aware,418,104,1-2,1,10.0,0.6442307692307693,0.6442307692307692,0.6595744680851063,0.5961538461538461,0.6262626262626263,0.6434065424891113
factors_finance,5,55,1,text_only,416,106,1-1,2,0.1,0.5094339622641509,0.5094339622641509,0.509090909090909,0.5283018867924528,0.5185185185185185,0.5092592592592593
factors_finance,5,55,1,emotion_aware,416,106,1-1,2,1.0,0.5566037735849056,0.5566037735849056,0.56,0.5283018867924528,0.5436893203883495,0.5562483299189454
factors_finance,5,55,2,text_only,418,104,1-1,2,1.0,0.5288461538461539,0.5288461538461539,0.5294117647058824,0.5192307692307693,0.5242718446601942,0.5288025889967638
factors_finance,5,55,2,emotion_aware,418,104,1-1,1,10.0,0.5961538461538461,0.5961538461538461,0.5925925925925926,0.6153846153846154,0.6037735849056604,0.5960044395116537
factors_finance,5,55,3,text_only,418,104,1-2,1,0.1,0.6538461538461539,0.6538461538461537,0.6818181818181818,0.5769230769230769,0.625,0.6517857142857143
factors_finance,5,55,3,emotion_aware,418,104,1-1,2,1.0,0.7115384615384616,0.7115384615384615,0.72,0.6923076923076923,0.7058823529411765,0.7114317425083241
factors_finance,5,55,4,text_only,418,104,1-2,1,0.1,0.6826923076923077,0.6826923076923077,0.7435897435897436,0.5576923076923077,0.6373626373626373,0.6776556776556777
factors_finance,5,55,4,emotion_aware,418,104,1-2,2,1.0,0.6153846153846154,0.6153846153846154,0.62,0.5961538461538461,0.6078431372549019,0.6152423233444321
factors_finance,5,55,5,text_only,418,104,1-1,2,10.0,0.6538461538461539,0.6538461538461539,0.6481481481481481,0.6730769230769231,0.660377358490566,0.6537180910099889
factors_finance,5,55,5,emotion_aware,418,104,1-2,2,10.0,0.6346153846153846,0.6346153846153846,0.64,0.6153846153846154,0.6274509803921569,0.6344802071772104
factors_finance,6,66,1,text_only,416,106,1-2,1,0.1,0.6415094339622641,0.6415094339622641,0.6470588235294118,0.6226415094339622,0.6346153846153846,0.6413817663817664
factors_finance,6,66,1,emotion_aware,416,106,1-2,1,10.0,0.6509433962264151,0.6509433962264151,0.66,0.6226415094339622,0.6407766990291263,0.6506635788723614
factors_finance,6,66,2,text_only,418,104,1-2,1,10.0,0.5769230769230769,0.5769230769230769,0.5689655172413793,0.6346153846153846,0.6,0.5755102040816327
factors_finance,6,66,2,emotion_aware,418,104,1-2,1,10.0,0.6153846153846154,0.6153846153846154,0.625,0.5769230769230769,0.6,0.6148148148148148
factors_finance,6,66,3,text_only,418,104,1-2,1,1.0,0.7403846153846154,0.7403846153846154,0.7777777777777778,0.6730769230769231,0.7216494845360825,0.7392031206464196
factors_finance,6,66,3,emotion_aware,418,104,1-2,2,10.0,0.6057692307692307,0.6057692307692308,0.6222222222222222,0.5384615384615384,0.5773195876288659,0.6039751091297483
factors_finance,6,66,4,text_only,418,104,1-2,2,10.0,0.6634615384615384,0.6634615384615385,0.6666666666666666,0.6538461538461539,0.6601941747572816,0.6634304207119741
factors_finance,6,66,4,emotion_aware,418,104,1-2,1,10.0,0.6634615384615384,0.6634615384615385,0.660377358490566,0.6730769230769231,0.6666666666666666,0.6634304207119741
factors_finance,6,66,5,text_only,418,104,1-1,2,0.1,0.5961538461538461,0.5961538461538461,0.631578947368421,0.46153846153846156,0.5333333333333333,0.5887005649717514
factors_finance,6,66,5,emotion_aware,418,104,1-1,2,10.0,0.625,0.625,0.6382978723404256,0.5769230769230769,0.6060606060606061,0.6241312204614957
factors_finance,7,77,1,text_only,416,106,1-2,1,10.0,0.6226415094339622,0.6226415094339622,0.6226415094339622,0.6226415094339622,0.6226415094339622,0.6226415094339622
factors_finance,7,77,1,emotion_aware,416,106,1-2,2,10.0,0.5660377358490566,0.5660377358490566,0.5686274509803921,0.5471698113207547,0.5576923076923077,0.565883190883191
factors_finance,7,77,2,text_only,418,104,1-1,2,10.0,0.6153846153846154,0.6153846153846154,0.6153846153846154,0.6153846153846154,0.6153846153846154,0.6153846153846154
factors_finance,7,77,2,emotion_aware,418,104,1-2,1,10.0,0.6634615384615384,0.6634615384615385,0.6666666666666666,0.6538461538461539,0.6601941747572816,0.6634304207119741
factors_finance,7,77,3,text_only,418,104,1-2,1,0.1,0.5865384615384616,0.5865384615384615,0.5882352941176471,0.5769230769230769,0.5825242718446602,0.5865002311604253
factors_finance,7,77,3,emotion_aware,418,104,1-2,1,10.0,0.6153846153846154,0.6153846153846154,0.62,0.5961538461538461,0.6078431372549019,0.6152423233444321
factors_finance,7,77,4,text_only,418,104,1-1,1,10.0,0.6153846153846154,0.6153846153846154,0.6111111111111112,0.6346153846153846,0.6226415094339622,0.6152423233444321
factors_finance,7,77,4,emotion_aware,418,104,1-2,1,10.0,0.6442307692307693,0.6442307692307693,0.6363636363636364,0.6730769230769231,0.6542056074766355,0.6439344869066346
factors_finance,7,77,5,text_only,418,104,1-2,2,1.0,0.6442307692307693,0.6442307692307693,0.6530612244897959,0.6153846153846154,0.6336633663366337,0.6439344869066346
factors_finance,7,77,5,emotion_aware,418,104,1-2,1,10.0,0.6057692307692307,0.6057692307692308,0.627906976744186,0.5192307692307693,0.5684210526315789,0.6027945971122497
factors_finance,8,88,1,text_only,416,106,1-2,1,0.1,0.6509433962264151,0.6509433962264151,0.6428571428571429,0.6792452830188679,0.6605504587155964,0.6506635788723614
factors_finance,8,88,1,emotion_aware,416,106,1-2,1,10.0,0.5943396226415094,0.5943396226415094,0.5925925925925926,0.6037735849056604,0.5981308411214953,0.5943035157988429
factors_finance,8,88,2,text_only,418,104,1-2,1,1.0,0.5961538461538461,0.5961538461538461,0.6086956521739131,0.5384615384615384,0.5714285714285714,0.5948051948051948
factors_finance,8,88,2,emotion_aware,418,104,1-2,2,10.0,0.5769230769230769,0.5769230769230769,0.5714285714285714,0.6153846153846154,0.5925925925925926,0.5762962962962963
factors_finance,8,88,3,text_only,418,104,1-2,2,0.1,0.6346153846153846,0.6346153846153846,0.6666666666666666,0.5384615384615384,0.5957446808510638,0.6312056737588652
factors_finance,8,88,3,emotion_aware,418,104,1-2,2,1.0,0.6923076923076923,0.6923076923076923,0.7380952380952381,0.5961538461538461,0.6595744680851063,0.6894363568495707
factors_finance,8,88,4,text_only,418,104,1-2,1,0.1,0.625,0.625,0.6326530612244898,0.5961538461538461,0.6138613861386139,0.6246877024151013
factors_finance,8,88,4,emotion_aware,418,104,1-2,2,10.0,0.6153846153846154,0.6153846153846154,0.6153846153846154,0.6153846153846154,0.6153846153846154,0.6153846153846154
factors_finance,8,88,5,text_only,418,104,1-2,2,0.1,0.6153846153846154,0.6153846153846154,0.6111111111111112,0.6346153846153846,0.6226415094339622,0.6152423233444321
factors_finance,8,88,5,emotion_aware,418,104,1-2,1,10.0,0.6346153846153846,0.6346153846153846,0.6346153846153846,0.6346153846153846,0.6346153846153846,0.6346153846153846
factors_finance,9,99,1,text_only,416,106,1-2,1,10.0,0.7075471698113207,0.7075471698113207,0.72,0.6792452830188679,0.6990291262135923,0.7073127282444108
factors_finance,9,99,1,emotion_aware,416,106,1-2,2,10.0,0.6698113207547169,0.6698113207547169,0.6730769230769231,0.660377358490566,0.6666666666666666,0.6697819314641744
factors_finance,9,99,2,text_only,418,104,1-2,1,10.0,0.625,0.625,0.6326530612244898,0.5961538461538461,0.6138613861386139,0.6246877024151013
factors_finance,9,99,2,emotion_aware,418,104,1-1,1,10.0,0.6057692307692307,0.6057692307692308,0.6078431372549019,0.5961538461538461,0.6019417475728155,0.6057327785483125
factors_finance,9,99,3,text_only,418,104,1-2,1,10.0,0.5384615384615384,0.5384615384615385,0.5370370370370371,0.5576923076923077,0.5471698113207547,0.5382907880133185
factors_finance,9,99,3,emotion_aware,418,104,1-1,2,10.0,0.5865384615384616,0.5865384615384616,0.5818181818181818,0.6153846153846154,0.5981308411214953,0.5861941334320347
factors_finance,9,99,4,text_only,418,104,1-1,1,10.0,0.6634615384615384,0.6634615384615384,0.673469387755102,0.6346153846153846,0.6534653465346535,0.6631812713981678
factors_finance,9,99,4,emotion_aware,418,104,1-1,1,10.0,0.6442307692307693,0.6442307692307692,0.6666666666666666,0.5769230769230769,0.6185567010309279,0.6426116838487972
factors_finance,9,99,5,text_only,418,104,1-1,1,10.0,0.6538461538461539,0.6538461538461539,0.6428571428571429,0.6923076923076923,0.6666666666666666,0.6533333333333333
factors_finance,9,99,5,emotion_aware,418,104,1-2,1,10.0,0.6153846153846154,0.6153846153846154,0.625,0.5769230769230769,0.6,0.6148148148148148
factors_finance,10,110,1,text_only,416,106,1-2,2,1.0,0.6792452830188679,0.6792452830188679,0.7021276595744681,0.6226415094339622,0.66,0.6782142857142857
factors_finance,10,110,1,emotion_aware,416,106,1-1,1,1.0,0.5943396226415094,0.5943396226415094,0.6190476190476191,0.49056603773584906,0.5473684210526316,0.589923526765632
factors_finance,10,110,2,text_only,418,104,1-2,1,1.0,0.5480769230769231,0.5480769230769231,0.5531914893617021,0.5,0.5252525252525253,0.5470299323510333
factors_finance,10,110,2,emotion_aware,418,104,1-2,1,10.0,0.5769230769230769,0.5769230769230769,0.5869565217391305,0.5192307692307693,0.5510204081632653,0.5755102040816327
factors_finance,10,110,3,text_only,418,104,1-2,1,0.1,0.7019230769230769,0.7019230769230769,0.6842105263157895,0.75,0.7155963302752294,0.7012325085719582
factors_finance,10,110,3,emotion_aware,418,104,1-1,1,10.0,0.6057692307692307,0.6057692307692308,0.6170212765957447,0.5576923076923077,0.5858585858585859,0.6048558984338801
factors_finance,10,110,4,text_only,418,104,1-1,1,1.0,0.6442307692307693,0.6442307692307692,0.6271186440677966,0.7115384615384616,0.6666666666666666,0.6426116838487972
factors_finance,10,110,4,emotion_aware,418,104,1-2,1,10.0,0.7211538461538461,0.7211538461538461,0.7254901960784313,0.7115384615384616,0.7184466019417476,0.7211280628756357
factors_finance,10,110,5,text_only,418,104,1-2,1,10.0,0.5769230769230769,0.5769230769230769,0.5833333333333334,0.5384615384615384,0.56,0.5762962962962963
factors_finance,10,110,5,emotion_aware,418,104,1-2,1,10.0,0.5576923076923077,0.5576923076923077,0.5517241379310345,0.6153846153846154,0.5818181818181818,0.5562152133580704
