dataset,repetition,seed,model,scope,subset,manipulation_category,rows,misleading_recall,mean_probability_misleading
liar2_finance,1,11,text_only,overall,all,all,1123,0.17186108637577915,0.34920013211634365
liar2_finance,1,11,text_only,overall_non_sentiment,all,non_sentiment,917,0.17884405670665213,0.35212725612173423
liar2_finance,1,11,text_only,subset,hard_case,all,123,0.12195121951219512,0.3286296138918497
liar2_finance,1,11,text_only,subset,main,all,1000,0.178,0.3517303058579564
liar2_finance,1,11,text_only,category,all,causal,231,0.06926406926406926,0.29438103000064947
liar2_finance,1,11,text_only,category,all,flipping,313,0.2364217252396166,0.3890897616648826
liar2_finance,1,11,text_only,category,all,numerical,373,0.19839142091152814,0.35687287005997853
liar2_finance,1,11,text_only,category,all,sentiment,206,0.1407766990291262,0.33617016749040596
liar2_finance,1,11,emotion_aware,overall,all,all,1123,0.6571682991985752,0.5909596306163211
liar2_finance,1,11,emotion_aware,overall_non_sentiment,all,non_sentiment,917,0.6368593238822247,0.582851042381956
liar2_finance,1,11,emotion_aware,subset,hard_case,all,123,0.6016260162601627,0.5673016750715613
liar2_finance,1,11,emotion_aware,subset,main,all,1000,0.664,0.5938695591483265
liar2_finance,1,11,emotion_aware,category,all,causal,231,0.6233766233766234,0.5661569013465921
liar2_finance,1,11,emotion_aware,category,all,flipping,313,0.5846645367412141,0.5654657853963657
liar2_finance,1,11,emotion_aware,category,all,numerical,373,0.6890080428954424,0.6077784740593254
liar2_finance,1,11,emotion_aware,category,all,sentiment,206,0.7475728155339806,0.6270546568828879
liar2_finance,2,22,text_only,overall,all,all,1123,0.5218165627782725,0.5122885028479202
liar2_finance,2,22,text_only,overall_non_sentiment,all,non_sentiment,917,0.549618320610687,0.5233962673454209
liar2_finance,2,22,text_only,subset,hard_case,all,123,0.43902439024390244,0.47169450216177033
liar2_finance,2,22,text_only,subset,main,all,1000,0.532,0.5172815649323166
liar2_finance,2,22,text_only,category,all,causal,231,0.42424242424242425,0.4691374637992867
liar2_finance,2,22,text_only,category,all,flipping,313,0.6996805111821086,0.5772923903343395
liar2_finance,2,22,text_only,category,all,numerical,373,0.5013404825737265,0.5117723990441487
liar2_finance,2,22,text_only,category,all,sentiment,206,0.39805825242718446,0.46284277447797717
liar2_finance,2,22,emotion_aware,overall,all,all,1123,0.43544078361531613,0.46505574192702503
liar2_finance,2,22,emotion_aware,overall_non_sentiment,all,non_sentiment,917,0.47110141766630315,0.4838526528917716
liar2_finance,2,22,emotion_aware,subset,hard_case,all,123,0.34146341463414637,0.4054378891984622
liar2_finance,2,22,emotion_aware,subset,main,all,1000,0.447,0.4723887378126383
liar2_finance,2,22,emotion_aware,category,all,causal,231,0.2857142857142857,0.38516238412428727
liar2_finance,2,22,emotion_aware,category,all,flipping,313,0.7348242811501597,0.6253299361195999
liar2_finance,2,22,emotion_aware,category,all,numerical,373,0.3646112600536193,0.42625228408474386
liar2_finance,2,22,emotion_aware,category,all,sentiment,206,0.2766990291262136,0.38138211399172117
liar2_finance,3,33,text_only,overall,all,all,1123,0.26714158504007124,0.31642660293072955
liar2_finance,3,33,text_only,overall_non_sentiment,all,non_sentiment,917,0.2889858233369684,0.332263263567039
liar2_finance,3,33,text_only,subset,hard_case,all,123,0.21138211382113822,0.27640489418801617
liar2_finance,3,33,text_only,subset,main,all,1000,0.274,0.3213492731060833
liar2_finance,3,33,text_only,category,all,causal,231,0.19047619047619047,0.23959046372442278
liar2_finance,3,33,text_only,category,all,flipping,313,0.329073482428115,0.37834831691397647
liar2_finance,3,33,text_only,category,all,numerical,373,0.3163538873994638,0.35098389377093425
liar2_finance,3,33,text_only,category,all,sentiment,206,0.16990291262135923,0.2459304000011383
liar2_finance,3,33,emotion_aware,overall,all,all,1123,0.40160284951024044,0.4397581754292122
liar2_finance,3,33,emotion_aware,overall_non_sentiment,all,non_sentiment,917,0.44383860414394766,0.46740421852870817
liar2_finance,3,33,emotion_aware,subset,hard_case,all,123,0.2926829268292683,0.3616834349960573
liar2_finance,3,33,emotion_aware,subset,main,all,1000,0.415,0.4493613685024902
liar2_finance,3,33,emotion_aware,category,all,causal,231,0.22943722943722944,0.34140213981706213
liar2_finance,3,33,emotion_aware,category,all,flipping,313,0.6677316293929713,0.6032040058233487
liar2_finance,3,33,emotion_aware,category,all,numerical,373,0.38873994638069703,0.43148235997419815
liar2_finance,3,33,emotion_aware,category,all,sentiment,206,0.21359223300970873,0.3166930224086402
liar2_finance,4,44,text_only,overall,all,all,1123,0.15048975957257346,0.3380580277100059
liar2_finance,4,44,text_only,overall_non_sentiment,all,non_sentiment,917,0.16902944383860413,0.35052439845050304
liar2_finance,4,44,text_only,subset,hard_case,all,123,0.0975609756097561,0.3015424589194903
liar2_finance,4,44,text_only,subset,main,all,1000,0.157,0.3425494426712394
liar2_finance,4,44,text_only,category,all,causal,231,0.07792207792207792,0.300751274927354
liar2_finance,4,44,text_only,category,all,flipping,313,0.2747603833865815,0.41347171154361184
liar2_finance,4,44,text_only,category,all,numerical,373,0.13672922252010725,0.3285273006909974
liar2_finance,4,44,text_only,category,all,sentiment,206,0.06796116504854369,0.2825645230059485
liar2_finance,4,44,emotion_aware,overall,all,all,1123,0.4968833481745325,0.5049343485574264
liar2_finance,4,44,emotion_aware,overall_non_sentiment,all,non_sentiment,917,0.5070883315158125,0.5077430233196838
liar2_finance,4,44,emotion_aware,subset,hard_case,all,123,0.44715447154471544,0.4703519715041649
liar2_finance,4,44,emotion_aware,subset,main,all,1000,0.503,0.5091879809349775
liar2_finance,4,44,emotion_aware,category,all,causal,231,0.4675324675324675,0.4821154367162552
liar2_finance,4,44,emotion_aware,category,all,flipping,313,0.5782747603833865,0.5422281680253748
liar2_finance,4,44,emotion_aware,category,all,numerical,373,0.4718498659517426,0.4946763268384793
liar2_finance,4,44,emotion_aware,category,all,sentiment,206,0.45145631067961167,0.49243165556232904
liar2_finance,5,55,text_only,overall,all,all,1123,0.2983081032947462,0.3502600645913493
liar2_finance,5,55,text_only,overall_non_sentiment,all,non_sentiment,917,0.33696837513631406,0.37910457724256436
liar2_finance,5,55,text_only,subset,hard_case,all,123,0.15447154471544716,0.2639237964995266
liar2_finance,5,55,text_only,subset,main,all,1000,0.316,0.3608794255666435
liar2_finance,5,55,text_only,category,all,causal,231,0.16883116883116883,0.2699840184849449
liar2_finance,5,55,text_only,category,all,flipping,313,0.5239616613418531,0.4939369953418978
liar2_finance,5,55,text_only,category,all,numerical,373,0.28418230563002683,0.3503225456284054
liar2_finance,5,55,text_only,category,all,sentiment,206,0.1262135922330097,0.22185997672162008
liar2_finance,5,55,emotion_aware,overall,all,all,1123,0.2858414959928762,0.3706204793179608
liar2_finance,5,55,emotion_aware,overall_non_sentiment,all,non_sentiment,917,0.3075245365321701,0.3863650965042242
liar2_finance,5,55,emotion_aware,subset,hard_case,all,123,0.21951219512195122,0.3292487401182089
liar2_finance,5,55,emotion_aware,subset,main,all,1000,0.294,0.37570920323953033
liar2_finance,5,55,emotion_aware,category,all,causal,231,0.19480519480519481,0.3103233276668823
liar2_finance,5,55,emotion_aware,category,all,flipping,313,0.3801916932907348,0.4487912741046363
liar2_finance,5,55,emotion_aware,category,all,numerical,373,0.3163538873994638,0.3810735549827683
liar2_finance,5,55,emotion_aware,category,all,sentiment,206,0.18932038834951456,0.3005340037849343
liar2_finance,6,66,text_only,overall,all,all,1123,0.5084594835262689,0.5226934275250693
liar2_finance,6,66,text_only,overall_non_sentiment,all,non_sentiment,917,0.5517993456924755,0.5495585115380675
liar2_finance,6,66,text_only,subset,hard_case,all,123,0.3983739837398374,0.4424471693431459
liar2_finance,6,66,text_only,subset,main,all,1000,0.522,0.5325637172814459
liar2_finance,6,66,text_only,category,all,causal,231,0.36796536796536794,0.429050303382791
liar2_finance,6,66,text_only,category,all,flipping,313,0.6964856230031949,0.6426651483288588
liar2_finance,6,66,text_only,category,all,numerical,373,0.5442359249329759,0.5460599023379366
liar2_finance,6,66,text_only,category,all,sentiment,206,0.3155339805825243,0.40310467975847064
liar2_finance,6,66,emotion_aware,overall,all,all,1123,0.22439893143365983,0.31062456293368274
liar2_finance,6,66,emotion_aware,overall_non_sentiment,all,non_sentiment,917,0.25517993456924754,0.3351529607388842
liar2_finance,6,66,emotion_aware,subset,hard_case,all,123,0.18699186991869918,0.27519321172096867
liar2_finance,6,66,emotion_aware,subset,main,all,1000,0.229,0.3149826191328466
liar2_finance,6,66,emotion_aware,category,all,causal,231,0.12987012987012986,0.24451596572898426
liar2_finance,6,66,emotion_aware,category,all,flipping,313,0.33865814696485624,0.3849539960832737
liar2_finance,6,66,emotion_aware,category,all,numerical,373,0.26273458445040215,0.34949457410213614
liar2_finance,6,66,emotion_aware,category,all,sentiment,206,0.08737864077669903,0.2014374717328589
liar2_finance,7,77,text_only,overall,all,all,1123,0.28495102404274264,0.3756714861844986
liar2_finance,7,77,text_only,overall_non_sentiment,all,non_sentiment,917,0.32061068702290074,0.4003674402424706
liar2_finance,7,77,text_only,subset,hard_case,all,123,0.17886178861788618,0.3147390006579519
liar2_finance,7,77,text_only,subset,main,all,1000,0.298,0.38316618190426377
liar2_finance,7,77,text_only,category,all,causal,231,0.18614718614718614,0.3262834765855626
liar2_finance,7,77,text_only,category,all,flipping,313,0.5207667731629393,0.5092822306851943
liar2_finance,7,77,text_only,category,all,numerical,373,0.2359249329758713,0.354852872403793
liar2_finance,7,77,text_only,category,all,sentiment,206,0.1262135922330097,0.2657385256448851
liar2_finance,7,77,emotion_aware,overall,all,all,1123,0.4817453250222618,0.49034463931687794
liar2_finance,7,77,emotion_aware,overall_non_sentiment,all,non_sentiment,917,0.5288985823336968,0.5168444023040025
liar2_finance,7,77,emotion_aware,subset,hard_case,all,123,0.35772357723577236,0.4249349732587977
liar2_finance,7,77,emotion_aware,subset,main,all,1000,0.497,0.4983900282420218
liar2_finance,7,77,emotion_aware,category,all,causal,231,0.38961038961038963,0.4345451288280033
liar2_finance,7,77,emotion_aware,category,all,flipping,313,0.6996805111821086,0.6067379692944285
liar2_finance,7,77,emotion_aware,category,all,numerical,373,0.4718498659517426,0.4923791092877893
liar2_finance,7,77,emotion_aware,category,all,sentiment,206,0.27184466019417475,0.3723821021363284
liar2_finance,8,88,text_only,overall,all,all,1123,0.43455031166518254,0.49149732463532864
liar2_finance,8,88,text_only,overall_non_sentiment,all,non_sentiment,917,0.4743729552889858,0.511365819645227
liar2_finance,8,88,text_only,subset,hard_case,all,123,0.3333333333333333,0.43473912157663486
liar2_finance,8,88,text_only,subset,main,all,1000,0.447,0.49847858361154795
liar2_finance,8,88,text_only,category,all,causal,231,0.2510822510822511,0.4096557248657916
liar2_finance,8,88,text_only,category,all,flipping,313,0.7603833865814696,0.6591840047424975
liar2_finance,8,88,text_only,category,all,numerical,373,0.3726541554959786,0.45031472033853504
liar2_finance,8,88,text_only,category,all,sentiment,206,0.25728155339805825,0.40305358713981015
liar2_finance,8,88,emotion_aware,overall,all,all,1123,0.5031166518254675,0.4939325791937054
liar2_finance,8,88,emotion_aware,overall_non_sentiment,all,non_sentiment,917,0.5398037077426391,0.5023878366892575
liar2_finance,8,88,emotion_aware,subset,hard_case,all,123,0.43902439024390244,0.473148433537018
liar2_finance,8,88,emotion_aware,subset,main,all,1000,0.511,0.496489029109478
liar2_finance,8,88,emotion_aware,category,all,causal,231,0.30735930735930733,0.4352392025324173
liar2_finance,8,88,emotion_aware,category,all,flipping,313,0.7859424920127795,0.5656000565225705
liar2_finance,8,88,emotion_aware,category,all,numerical,373,0.4772117962466488,0.4909291495107134
liar2_finance,8,88,emotion_aware,category,all,sentiment,206,0.33980582524271846,0.4562943698567094
liar2_finance,9,99,text_only,overall,all,all,1123,0.3107747105966162,0.38373319492181923
liar2_finance,9,99,text_only,overall_non_sentiment,all,non_sentiment,917,0.34242093784078514,0.40132601543318486
liar2_finance,9,99,text_only,subset,hard_case,all,123,0.2682926829268293,0.33525709590564173
liar2_finance,9,99,text_only,subset,main,all,1000,0.316,0.38969575510080906
liar2_finance,9,99,text_only,category,all,causal,231,0.2077922077922078,0.3167735409491506
liar2_finance,9,99,text_only,category,all,flipping,313,0.3610223642172524,0.4106739194462665
liar2_finance,9,99,text_only,category,all,numerical,373,0.4101876675603217,0.4458453925101751
liar2_finance,9,99,text_only,category,all,sentiment,206,0.16990291262135923,0.30541952303384695
liar2_finance,9,99,emotion_aware,overall,all,all,1123,0.5040071237756011,0.5053923137068005
liar2_finance,9,99,emotion_aware,overall_non_sentiment,all,non_sentiment,917,0.4961832061068702,0.504941264132897
liar2_finance,9,99,emotion_aware,subset,hard_case,all,123,0.4878048780487805,0.4990235814234106
liar2_finance,9,99,emotion_aware,subset,main,all,1000,0.506,0.5061756677776575
liar2_finance,9,99,emotion_aware,category,all,causal,231,0.47619047619047616,0.4861674332644516
liar2_finance,9,99,emotion_aware,category,all,flipping,313,0.48881789137380194,0.5111619969145559
liar2_finance,9,99,emotion_aware,category,all,numerical,373,0.514745308310992,0.5113478742400059
liar2_finance,9,99,emotion_aware,category,all,sentiment,206,0.5388349514563107,0.5074001411789829
liar2_finance,10,110,text_only,overall,all,all,1123,0.20302760463045413,0.3147615773681276
liar2_finance,10,110,text_only,overall_non_sentiment,all,non_sentiment,917,0.23227917121046893,0.33260292837735483
liar2_finance,10,110,text_only,subset,hard_case,all,123,0.0975609756097561,0.2639417478102979
liar2_finance,10,110,text_only,subset,main,all,1000,0.216,0.3210124164037406
liar2_finance,10,110,text_only,category,all,causal,231,0.08225108225108226,0.2399503993862248
liar2_finance,10,110,text_only,category,all,flipping,313,0.36741214057507987,0.41830778999117235
liar2_finance,10,110,text_only,category,all,numerical,373,0.21179624664879357,0.31806435602300126
liar2_finance,10,110,text_only,category,all,sentiment,206,0.07281553398058252,0.23534158282705303
liar2_finance,10,110,emotion_aware,overall,all,all,1123,0.2867319679430098,0.3508081982975439
liar2_finance,10,110,emotion_aware,overall_non_sentiment,all,non_sentiment,917,0.3282442748091603,0.3793767776458058
liar2_finance,10,110,emotion_aware,subset,hard_case,all,123,0.17073170731707318,0.2725429382568937
liar2_finance,10,110,emotion_aware,subset,main,all,1000,0.301,0.3604348252825439
liar2_finance,10,110,emotion_aware,category,all,causal,231,0.14285714285714285,0.24943092739556258
liar2_finance,10,110,emotion_aware,category,all,flipping,313,0.5207667731629393,0.5049607799932979
liar2_finance,10,110,emotion_aware,category,all,numerical,373,0.28150134048257375,0.35446980357889196
liar2_finance,10,110,emotion_aware,category,all,sentiment,206,0.10194174757281553,0.22363641547057236
factors_finance,1,11,text_only,overall,all,all,1123,0.5627782724844167,0.5103947322281577
factors_finance,1,11,text_only,overall_non_sentiment,all,non_sentiment,917,0.5343511450381679,0.5057112774126142
factors_finance,1,11,text_only,subset,hard_case,all,123,0.5853658536585366,0.5121791442719902
factors_finance,1,11,text_only,subset,main,all,1000,0.56,0.5101752495467663
factors_finance,1,11,text_only,category,all,causal,231,0.5108225108225108,0.5017958711752127
factors_finance,1,11,text_only,category,all,flipping,313,0.3226837060702875,0.4615210865061885
factors_finance,1,11,text_only,category,all,numerical,373,0.7265415549597856,0.5452179492478716
factors_finance,1,11,text_only,category,all,sentiment,206,0.6893203883495146,0.5312429267225913
factors_finance,1,11,emotion_aware,overall,all,all,1123,0.5903829029385574,0.5397233669733162
factors_finance,1,11,emotion_aware,overall_non_sentiment,all,non_sentiment,917,0.5517993456924755,0.5129546181724337
factors_finance,1,11,emotion_aware,subset,hard_case,all,123,0.6260162601626016,0.5540504769338825
factors_finance,1,11,emotion_aware,subset,main,all,1000,0.586,0.5379611324481666
factors_finance,1,11,emotion_aware,category,all,causal,231,0.658008658008658,0.5808324688215019
factors_finance,1,11,emotion_aware,category,all,flipping,313,0.23961661341853036,0.3276665097417923
factors_finance,1,11,emotion_aware,category,all,numerical,373,0.7479892761394102,0.6264007158637367
factors_finance,1,11,emotion_aware,category,all,sentiment,206,0.7621359223300971,0.6588832827520024
factors_finance,2,22,text_only,overall,all,all,1123,0.44256455921638466,0.4685423529092372
factors_finance,2,22,text_only,overall_non_sentiment,all,non_sentiment,917,0.40021810250817885,0.4493111684885904
factors_finance,2,22,text_only,subset,hard_case,all,123,0.4715447154471545,0.49828858794720193
factors_finance,2,22,text_only,subset,main,all,1000,0.439,0.4648835659995675
factors_finance,2,22,text_only,category,all,causal,231,0.5281385281385281,0.5084603186293598
factors_finance,2,22,text_only,category,all,flipping,313,0.16932907348242812,0.3535595097766517
factors_finance,2,22,text_only,category,all,numerical,373,0.514745308310992,0.49302917249480777
factors_finance,2,22,text_only,category,all,sentiment,206,0.6310679611650486,0.5541491301603687
factors_finance,2,22,emotion_aware,overall,all,all,1123,0.46749777382012464,0.4707190512529411
factors_finance,2,22,emotion_aware,overall_non_sentiment,all,non_sentiment,917,0.4133042529989095,0.44838750257178117
factors_finance,2,22,emotion_aware,subset,hard_case,all,123,0.5691056910569106,0.5043447494991427
factors_finance,2,22,emotion_aware,subset,main,all,1000,0.455,0.4665830903686583
factors_finance,2,22,emotion_aware,category,all,causal,231,0.5670995670995671,0.504792035593615
factors_finance,2,22,emotion_aware,category,all,flipping,313,0.28434504792332266,0.4013239643491876
factors_finance,2,22,emotion_aware,category,all,numerical,373,0.4262734584450402,0.45294900481207123
factors_finance,2,22,emotion_aware,category,all,sentiment,206,0.7087378640776699,0.5701269645569393
factors_finance,3,33,text_only,overall,all,all,1123,0.3196794300979519,0.44007533032344265
factors_finance,3,33,text_only,overall_non_sentiment,all,non_sentiment,917,0.29770992366412213,0.4305061847946506
factors_finance,3,33,text_only,subset,hard_case,all,123,0.35772357723577236,0.4537159495237397
factors_finance,3,33,text_only,subset,main,all,1000,0.315,0.4383975341618061
factors_finance,3,33,text_only,category,all,causal,231,0.2554112554112554,0.4290220904530901
factors_finance,3,33,text_only,category,all,flipping,313,0.1501597444089457,0.35750012942396414
factors_finance,3,33,text_only,category,all,numerical,373,0.4477211796246649,0.4926877427676408
factors_finance,3,33,text_only,category,all,sentiment,206,0.4174757281553398,0.48267196357539555
factors_finance,3,33,emotion_aware,overall,all,all,1123,0.4666073018699911,0.48494991147932154
factors_finance,3,33,emotion_aware,overall_non_sentiment,all,non_sentiment,917,0.42857142857142855,0.4772307306625591
factors_finance,3,33,emotion_aware,subset,hard_case,all,123,0.5934959349593496,0.5039439501801157
factors_finance,3,33,emotion_aware,subset,main,all,1000,0.451,0.4826136447191238
factors_finance,3,33,emotion_aware,category,all,causal,231,0.5411255411255411,0.5012749900549521
factors_finance,3,33,emotion_aware,category,all,flipping,313,0.19488817891373802,0.42145660491035386
factors_finance,3,33,emotion_aware,category,all,numerical,373,0.5549597855227882,0.509142466428772
factors_finance,3,33,emotion_aware,category,all,sentiment,206,0.6359223300970874,0.5193115076393757
factors_finance,4,44,text_only,overall,all,all,1123,0.18521816562778273,0.44549736306270316
factors_finance,4,44,text_only,overall_non_sentiment,all,non_sentiment,917,0.18974918211559433,0.4458891891731171
factors_finance,4,44,text_only,subset,hard_case,all,123,0.15447154471544716,0.4398429582758648
factors_finance,4,44,text_only,subset,main,all,1000,0.189,0.4461928548514843
factors_finance,4,44,text_only,category,all,causal,231,0.18181818181818182,0.44467864524234424
factors_finance,4,44,text_only,category,all,flipping,313,0.1597444089456869,0.4443451699357444
factors_finance,4,44,text_only,category,all,numerical,373,0.21983914209115282,0.44793453413104245
factors_finance,4,44,text_only,category,all,sentiment,206,0.1650485436893204,0.4437531662508122
factors_finance,4,44,emotion_aware,overall,all,all,1123,0.5841495992876224,0.5324879165403777
factors_finance,4,44,emotion_aware,overall_non_sentiment,all,non_sentiment,917,0.5419847328244275,0.5205535733972797
factors_finance,4,44,emotion_aware,subset,hard_case,all,123,0.6341463414634146,0.5405281067379122
factors_finance,4,44,emotion_aware,subset,main,all,1000,0.578,0.531498973146081
factors_finance,4,44,emotion_aware,category,all,causal,231,0.6623376623376623,0.5397781657450127
factors_finance,4,44,emotion_aware,category,all,flipping,313,0.34824281150159747,0.47700022099117123
factors_finance,4,44,emotion_aware,category,all,numerical,373,0.6300268096514745,0.5451951778765978
factors_finance,4,44,emotion_aware,category,all,sentiment,206,0.7718446601941747,0.5856131236385373
factors_finance,5,55,text_only,overall,all,all,1123,0.19946571682991987,0.40073665366147315
factors_finance,5,55,text_only,overall_non_sentiment,all,non_sentiment,917,0.1875681570338059,0.39794815056261607
factors_finance,5,55,text_only,subset,hard_case,all,123,0.24390243902439024,0.3998141415962359
factors_finance,5,55,text_only,subset,main,all,1000,0.194,0.4008501226454973
factors_finance,5,55,text_only,category,all,causal,231,0.15584415584415584,0.38968386523651355
factors_finance,5,55,text_only,category,all,flipping,313,0.11182108626198083,0.3655014904067158
factors_finance,5,55,text_only,category,all,numerical,373,0.2707774798927614,0.4302936050911052
factors_finance,5,55,text_only,category,all,sentiment,206,0.2524271844660194,0.41314955337823017
factors_finance,5,55,emotion_aware,overall,all,all,1123,0.3107747105966162,0.4537802347888505
factors_finance,5,55,emotion_aware,overall_non_sentiment,all,non_sentiment,917,0.27262813522355506,0.444494994867069
factors_finance,5,55,emotion_aware,subset,hard_case,all,123,0.43089430894308944,0.4775909020648739
factors_finance,5,55,emotion_aware,subset,main,all,1000,0.296,0.4508515227138996
factors_finance,5,55,emotion_aware,category,all,causal,231,0.2943722943722944,0.456770711775982
factors_finance,5,55,emotion_aware,category,all,flipping,313,0.14057507987220447,0.4023550803097673
factors_finance,5,55,emotion_aware,category,all,numerical,373,0.3699731903485255,0.47225398320614814
factors_finance,5,55,emotion_aware,category,all,sentiment,206,0.48058252427184467,0.49511307463483906
factors_finance,6,66,text_only,overall,all,all,1123,0.7791629563668745,0.5613995905657061
factors_finance,6,66,text_only,overall_non_sentiment,all,non_sentiment,917,0.7742639040348964,0.5608481904867562
factors_finance,6,66,text_only,subset,hard_case,all,123,0.7804878048780488,0.5620850688073693
factors_finance,6,66,text_only,subset,main,all,1000,0.779,0.5613152767419816
factors_finance,6,66,text_only,category,all,causal,231,0.8744588744588745,0.5710805587438278
factors_finance,6,66,text_only,category,all,flipping,313,0.5718849840255591,0.5201409159186549
factors_finance,6,66,text_only,category,all,numerical,373,0.8820375335120644,0.5886704421554749
factors_finance,6,66,text_only,category,all,sentiment,206,0.8009708737864077,0.5638541239268572
factors_finance,6,66,emotion_aware,overall,all,all,1123,0.40694568121104185,0.48570970956066944
factors_finance,6,66,emotion_aware,overall_non_sentiment,all,non_sentiment,917,0.40676117775354415,0.4857573882314085
factors_finance,6,66,emotion_aware,subset,hard_case,all,123,0.42276422764227645,0.4962753946703624
factors_finance,6,66,emotion_aware,subset,main,all,1000,0.405,0.4844101302921772
factors_finance,6,66,emotion_aware,category,all,causal,231,0.36363636363636365,0.48300697702866097
factors_finance,6,66,emotion_aware,category,all,flipping,313,0.30990415335463256,0.4628771450192022
factors_finance,6,66,emotion_aware,category,all,numerical,373,0.514745308310992,0.5066605011355781
factors_finance,6,66,emotion_aware,category,all,sentiment,206,0.4077669902912621,0.4854974700409232
factors_finance,7,77,text_only,overall,all,all,1123,0.5627782724844167,0.511430284378259
factors_finance,7,77,text_only,overall_non_sentiment,all,non_sentiment,917,0.5343511450381679,0.5064168325752313
factors_finance,7,77,text_only,subset,hard_case,all,123,0.6585365853658537,0.5267873702010488
factors_finance,7,77,text_only,subset,main,all,1000,0.551,0.5095413628220559
factors_finance,7,77,text_only,category,all,causal,231,0.683982683982684,0.5286036451141556
factors_finance,7,77,text_only,category,all,flipping,313,0.31629392971246006,0.4623021831908546
factors_finance,7,77,text_only,category,all,numerical,373,0.6246648793565683,0.5296949332744763
factors_finance,7,77,text_only,category,all,sentiment,206,0.6893203883495146,0.5337474460451348
factors_finance,7,77,emotion_aware,overall,all,all,1123,0.7186108637577916,0.5654963468693244
factors_finance,7,77,emotion_aware,overall_non_sentiment,all,non_sentiment,917,0.6793893129770993,0.5550251346540555
factors_finance,7,77,emotion_aware,subset,hard_case,all,123,0.8048780487804879,0.5838792966148718
factors_finance,7,77,emotion_aware,subset,main,all,1000,0.708,0.563235244050622
factors_finance,7,77,emotion_aware,category,all,causal,231,0.8181818181818182,0.5990157840829907
factors_finance,7,77,emotion_aware,category,all,flipping,313,0.41533546325878595,0.4828105848342085
factors_finance,7,77,emotion_aware,category,all,numerical,373,0.8150134048257373,0.5883798640790637
factors_finance,7,77,emotion_aware,category,all,sentiment,206,0.8932038834951457,0.6121084905654481
factors_finance,8,88,text_only,overall,all,all,1123,0.6767586821015138,0.5890630551166866
factors_finance,8,88,text_only,overall_non_sentiment,all,non_sentiment,917,0.6314067611777535,0.5692235939407817
factors_finance,8,88,text_only,subset,hard_case,all,123,0.7479674796747967,0.6130606738047871
factors_finance,8,88,text_only,subset,main,all,1000,0.668,0.5861113480180502
factors_finance,8,88,text_only,category,all,causal,231,0.7965367965367965,0.6309987582685628
factors_finance,8,88,text_only,category,all,flipping,313,0.36741214057507987,0.4665533076174343
factors_finance,8,88,text_only,category,all,numerical,373,0.7506702412868632,0.61712101125845
factors_finance,8,88,text_only,category,all,sentiment,206,0.8786407766990292,0.6773775497686516
factors_finance,8,88,emotion_aware,overall,all,all,1123,0.6999109528049866,0.588826264744875
factors_finance,8,88,emotion_aware,overall_non_sentiment,all,non_sentiment,917,0.697928026172301,0.586834984751278
factors_finance,8,88,emotion_aware,subset,hard_case,all,123,0.6747967479674797,0.580784429379595
factors_finance,8,88,emotion_aware,subset,main,all,1000,0.703,0.5898154104948043
factors_finance,8,88,emotion_aware,category,all,causal,231,0.6017316017316018,0.5569349373831893
factors_finance,8,88,emotion_aware,category,all,flipping,313,0.6613418530351438,0.5803588456429613
factors_finance,8,88,emotion_aware,category,all,numerical,373,0.7882037533512064,0.6107865731773683
factors_finance,8,88,emotion_aware,category,all,sentiment,206,0.7087378640776699,0.5976903606387018
factors_finance,9,99,text_only,overall,all,all,1123,0.6126447016918967,0.5400443540443189
factors_finance,9,99,text_only,overall_non_sentiment,all,non_sentiment,917,0.5736095965103599,0.523483271589716
factors_finance,9,99,text_only,subset,hard_case,all,123,0.6829268292682927,0.5720057463258262
factors_finance,9,99,text_only,subset,main,all,1000,0.604,0.5361131027936935
factors_finance,9,99,text_only,category,all,causal,231,0.7359307359307359,0.5722640897288467
factors_finance,9,99,text_only,category,all,flipping,313,0.2523961661341853,0.3966490717265553
factors_finance,9,99,text_only,category,all,numerical,373,0.7426273458445041,0.5997050827613785
factors_finance,9,99,text_only,category,all,sentiment,206,0.7864077669902912,0.6137652890485468
factors_finance,9,99,emotion_aware,overall,all,all,1123,0.39893143365983974,0.4632433288111181
factors_finance,9,99,emotion_aware,overall_non_sentiment,all,non_sentiment,917,0.3685932388222465,0.45534303415497623
factors_finance,9,99,emotion_aware,subset,hard_case,all,123,0.4634146341463415,0.47679027987689504
factors_finance,9,99,emotion_aware,subset,main,all,1000,0.391,0.46157705383002756
factors_finance,9,99,emotion_aware,category,all,causal,231,0.5021645021645021,0.47445202415639703
factors_finance,9,99,emotion_aware,category,all,flipping,313,0.14376996805111822,0.40536792124041354
factors_finance,9,99,emotion_aware,category,all,numerical,373,0.4745308310991957,0.48544500105023064
factors_finance,9,99,emotion_aware,category,all,sentiment,206,0.5339805825242718,0.4984111453144296
factors_finance,10,110,text_only,overall,all,all,1123,0.3072128227960819,0.4540212228960579
factors_finance,10,110,text_only,overall_non_sentiment,all,non_sentiment,917,0.27262813522355506,0.4453217239000285
factors_finance,10,110,text_only,subset,hard_case,all,123,0.35772357723577236,0.4687766510296643
factors_finance,10,110,text_only,subset,main,all,1000,0.301,0.45220630523562433
factors_finance,10,110,text_only,category,all,causal,231,0.2683982683982684,0.44548759599784754
factors_finance,10,110,text_only,category,all,flipping,313,0.23003194888178913,0.4385778813506849
factors_finance,10,110,text_only,category,all,numerical,373,0.3109919571045576,0.4508780409599437
factors_finance,10,110,text_only,category,all,sentiment,206,0.46116504854368934,0.4927466626016839
factors_finance,10,110,emotion_aware,overall,all,all,1123,0.5449688334817453,0.5099088354027919
factors_finance,10,110,emotion_aware,overall_non_sentiment,all,non_sentiment,917,0.5234460196292258,0.5075858167759595
factors_finance,10,110,emotion_aware,subset,hard_case,all,123,0.6341463414634146,0.5182380242560937
factors_finance,10,110,emotion_aware,subset,main,all,1000,0.534,0.5088843451738357
factors_finance,10,110,emotion_aware,category,all,causal,231,0.5021645021645021,0.504359881212185
factors_finance,10,110,emotion_aware,category,all,flipping,313,0.5303514376996805,0.5091137613732213
factors_finance,10,110,emotion_aware,category,all,numerical,373,0.5308310991957105,0.508301485559576
factors_finance,10,110,emotion_aware,category,all,sentiment,206,0.6407766990291263,0.5202496513290312
