dataset,repetition,outer_seed,outer_fold,model,train_rows,test_rows,classifier,representation,C,affect_weight,accuracy,balanced_accuracy,precision,recall,f1,macro_f1
liar2_finance,1,11,1,text_only,1638,410,linear_svm,word_char,0.1,,0.6634146341463415,0.6634146341463415,0.6572769953051644,0.6829268292682927,0.6698564593301436,0.6632864386202957
liar2_finance,1,11,1,emotion_aware,1638,410,linear_svm,word,0.1,0.1,0.6829268292682927,0.6829268292682926,0.6777251184834123,0.697560975609756,0.6875,0.6828589108910892
liar2_finance,1,11,2,text_only,1638,410,logistic_regression,word_char,1.0,,0.6414634146341464,0.6414634146341464,0.6407766990291263,0.6439024390243903,0.6423357664233577,0.6414612817446861
liar2_finance,1,11,2,emotion_aware,1638,410,linear_svm,word_char,0.1,0.05,0.6439024390243903,0.6439024390243903,0.6411483253588517,0.6536585365853659,0.6473429951690821,0.6438685419195165
liar2_finance,1,11,3,text_only,1638,410,logistic_regression,word_char,1.0,,0.6609756097560976,0.6609756097560975,0.6774193548387096,0.6146341463414634,0.6445012787723785,0.6602459773815272
liar2_finance,1,11,3,emotion_aware,1638,410,linear_svm,word,0.1,0.1,0.6536585365853659,0.6536585365853658,0.6684491978609626,0.6097560975609756,0.6377551020408163,0.6529897005531184
liar2_finance,1,11,4,text_only,1638,410,logistic_regression,word_char,0.1,,0.651219512195122,0.651219512195122,0.6534653465346535,0.6439024390243903,0.6486486486486487,0.6512008376415157
liar2_finance,1,11,4,emotion_aware,1638,410,logistic_regression,word,1.0,0.25,0.6317073170731707,0.6317073170731707,0.635,0.6195121951219512,0.6271604938271605,0.6316525360702068
liar2_finance,1,11,5,text_only,1640,408,logistic_regression,word,1.0,,0.6936274509803921,0.6936274509803921,0.6984924623115578,0.6813725490196079,0.6898263027295285,0.6935814322364349
liar2_finance,1,11,5,emotion_aware,1640,408,linear_svm,word_char,0.1,0.1,0.6691176470588235,0.6691176470588235,0.680628272251309,0.6372549019607843,0.6582278481012658,0.668781382482937
liar2_finance,2,22,1,text_only,1638,410,logistic_regression,word_char,0.1,,0.6219512195121951,0.6219512195121951,0.6190476190476191,0.6341463414634146,0.6265060240963856,0.6218949873568347
liar2_finance,2,22,1,emotion_aware,1638,410,linear_svm,word_char,0.1,0.25,0.6487804878048781,0.6487804878048781,0.6532663316582915,0.6341463414634146,0.6435643564356436,0.6487052551408987
liar2_finance,2,22,2,text_only,1638,410,logistic_regression,word_char,0.1,,0.6463414634146342,0.6463414634146342,0.6485148514851485,0.6390243902439025,0.6437346437346437,0.6463225276784599
liar2_finance,2,22,2,emotion_aware,1638,410,logistic_regression,word_char,0.1,0.05,0.6780487804878049,0.6780487804878049,0.6798029556650246,0.6731707317073171,0.6764705882352942,0.6780411193603655
liar2_finance,2,22,3,text_only,1638,410,logistic_regression,word_char,0.1,,0.6829268292682927,0.6829268292682927,0.6829268292682927,0.6829268292682927,0.6829268292682927,0.6829268292682927
liar2_finance,2,22,3,emotion_aware,1638,410,logistic_regression,word_char,0.1,0.05,0.7,0.7,0.6990291262135923,0.7024390243902439,0.7007299270072993,0.6999982153373905
liar2_finance,2,22,4,text_only,1638,410,logistic_regression,word_char,0.1,,0.6560975609756098,0.6560975609756097,0.6666666666666666,0.624390243902439,0.6448362720403022,0.6557514693534845
liar2_finance,2,22,4,emotion_aware,1638,410,logistic_regression,word_char,0.1,0.1,0.6292682926829268,0.6292682926829268,0.6358974358974359,0.6048780487804878,0.62,0.6290476190476191
liar2_finance,2,22,5,text_only,1640,408,logistic_regression,word,0.1,,0.6397058823529411,0.6397058823529411,0.6403940886699507,0.6372549019607843,0.6388206388206388,0.6397037179433267
liar2_finance,2,22,5,emotion_aware,1640,408,linear_svm,word,0.1,0.25,0.6568627450980392,0.6568627450980392,0.6666666666666666,0.6274509803921569,0.6464646464646465,0.6565656565656566
liar2_finance,3,33,1,text_only,1638,410,logistic_regression,word_char,0.1,,0.6731707317073171,0.673170731707317,0.6983240223463687,0.6097560975609756,0.6510416666666666,0.671851108562691
liar2_finance,3,33,1,emotion_aware,1638,410,linear_svm,word_char,0.1,0.25,0.6585365853658537,0.6585365853658536,0.6701570680628273,0.624390243902439,0.6464646464646465,0.6581379836096817
liar2_finance,3,33,2,text_only,1638,410,logistic_regression,word_char,1.0,,0.6926829268292682,0.6926829268292682,0.6854460093896714,0.7121951219512195,0.6985645933014354,0.69256587874027
liar2_finance,3,33,2,emotion_aware,1638,410,logistic_regression,word_char,0.1,0.05,0.6829268292682927,0.6829268292682926,0.6744186046511628,0.7073170731707317,0.6904761904761905,0.6827380952380953
liar2_finance,3,33,3,text_only,1638,410,logistic_regression,word_char,0.1,,0.6560975609756098,0.6560975609756097,0.6666666666666666,0.624390243902439,0.6448362720403022,0.6557514693534845
liar2_finance,3,33,3,emotion_aware,1638,410,logistic_regression,word_char,0.1,0.05,0.6609756097560976,0.6609756097560975,0.6813186813186813,0.6048780487804878,0.6408268733850129,0.6599053535516288
liar2_finance,3,33,4,text_only,1638,410,logistic_regression,word,1.0,,0.6121951219512195,0.6121951219512195,0.6138613861386139,0.6048780487804878,0.6093366093366094,0.6121743579370698
liar2_finance,3,33,4,emotion_aware,1638,410,linear_svm,word,0.1,0.05,0.6268292682926829,0.6268292682926829,0.6274509803921569,0.624390243902439,0.6259168704156479,0.6268270483465102
liar2_finance,3,33,5,text_only,1640,408,linear_svm,word_char,0.1,,0.6348039215686274,0.6348039215686274,0.6291079812206573,0.6568627450980392,0.6426858513189448,0.6346261336795225
liar2_finance,3,33,5,emotion_aware,1640,408,linear_svm,word_char,0.1,0.05,0.6348039215686274,0.6348039215686274,0.627906976744186,0.6617647058823529,0.6443914081145584,0.6345382733268006
liar2_finance,4,44,1,text_only,1638,410,logistic_regression,word_char,0.1,,0.6585365853658537,0.6585365853658537,0.6585365853658537,0.6585365853658537,0.6585365853658537,0.6585365853658537
liar2_finance,4,44,1,emotion_aware,1638,410,linear_svm,word_char,0.1,0.1,0.6902439024390243,0.6902439024390243,0.693069306930693,0.6829268292682927,0.687960687960688,0.6902273173459614
liar2_finance,4,44,2,text_only,1638,410,logistic_regression,word_char,0.1,,0.6609756097560976,0.6609756097560976,0.6601941747572816,0.6634146341463415,0.6618004866180048,0.6609735929422542
liar2_finance,4,44,2,emotion_aware,1638,410,linear_svm,word,0.1,0.05,0.6682926829268293,0.6682926829268292,0.6751269035532995,0.6487804878048781,0.6616915422885572,0.668166345306958
liar2_finance,4,44,3,text_only,1638,410,logistic_regression,word_char,0.1,,0.675609756097561,0.675609756097561,0.6782178217821783,0.6682926829268293,0.6732186732186732,0.6755923874567942
liar2_finance,4,44,3,emotion_aware,1638,410,logistic_regression,word_char,0.1,0.1,0.6463414634146342,0.6463414634146342,0.6515151515151515,0.6292682926829268,0.6401985111662531,0.6462383443121433
liar2_finance,4,44,4,text_only,1638,410,logistic_regression,word,0.1,,0.651219512195122,0.651219512195122,0.655,0.6390243902439025,0.6469135802469136,0.6511676334969507
liar2_finance,4,44,4,emotion_aware,1638,410,logistic_regression,word_char,0.1,0.1,0.6878048780487804,0.6878048780487804,0.6934673366834171,0.6731707317073171,0.6831683168316832,0.6877380045696877
liar2_finance,4,44,5,text_only,1640,408,logistic_regression,word,0.1,,0.6397058823529411,0.6397058823529411,0.6432160804020101,0.6274509803921569,0.6352357320099256,0.6396517643100474
liar2_finance,4,44,5,emotion_aware,1640,408,linear_svm,word_char,0.1,0.1,0.6617647058823529,0.6617647058823529,0.65,0.7009803921568627,0.6745283018867925,0.661243742780131
liar2_finance,5,55,1,text_only,1638,410,logistic_regression,word_char,0.1,,0.6536585365853659,0.6536585365853658,0.6649214659685864,0.6195121951219512,0.6414141414141414,0.6532542405183914
liar2_finance,5,55,1,emotion_aware,1638,410,logistic_regression,word,1.0,0.05,0.6707317073170732,0.6707317073170731,0.6767676767676768,0.6536585365853659,0.6650124069478908,0.670635699876823
liar2_finance,5,55,2,text_only,1638,410,linear_svm,word_char,0.1,,0.6707317073170732,0.6707317073170731,0.6620370370370371,0.697560975609756,0.6793349168646081,0.670494526101477
liar2_finance,5,55,2,emotion_aware,1638,410,linear_svm,word_char,0.1,1.0,0.6707317073170732,0.6707317073170731,0.6620370370370371,0.697560975609756,0.6793349168646081,0.670494526101477
liar2_finance,5,55,3,text_only,1638,410,logistic_regression,word_char,0.1,,0.651219512195122,0.6512195121951219,0.6684782608695652,0.6,0.6323907455012854,0.6503021012889257
liar2_finance,5,55,3,emotion_aware,1638,410,logistic_regression,word_char,0.1,0.05,0.6439024390243903,0.6439024390243903,0.6544502617801047,0.6097560975609756,0.6313131313131313,0.6434867543358109
liar2_finance,5,55,4,text_only,1638,410,linear_svm,word_char,0.1,,0.6804878048780488,0.6804878048780488,0.6796116504854369,0.6829268292682927,0.681265206812652,0.6804859041398224
liar2_finance,5,55,4,emotion_aware,1638,410,logistic_regression,word_char,0.1,0.05,0.675609756097561,0.6756097560975609,0.6666666666666666,0.7024390243902439,0.684085510688836,0.6753760886777513
liar2_finance,5,55,5,text_only,1640,408,linear_svm,word,0.1,,0.6740196078431373,0.6740196078431373,0.6748768472906403,0.6715686274509803,0.6732186732186732,0.6740176495677719
liar2_finance,5,55,5,emotion_aware,1640,408,logistic_regression,word_char,0.1,0.1,0.6911764705882353,0.6911764705882353,0.7052631578947368,0.6568627450980392,0.6802030456852792,0.6908124233165733
liar2_finance,6,66,1,text_only,1638,410,logistic_regression,word_char,0.1,,0.651219512195122,0.6512195121951219,0.6631578947368421,0.6146341463414634,0.6379746835443038,0.6507520476545048
liar2_finance,6,66,1,emotion_aware,1638,410,linear_svm,word_char,0.1,1.0,0.624390243902439,0.624390243902439,0.6408839779005525,0.5658536585365853,0.6010362694300518,0.6230987798763162
liar2_finance,6,66,2,text_only,1638,410,logistic_regression,word,0.1,,0.6390243902439025,0.6390243902439025,0.6325581395348837,0.6634146341463415,0.6476190476190476,0.6388095238095238
liar2_finance,6,66,2,emotion_aware,1638,410,linear_svm,word,1.0,0.25,0.6536585365853659,0.6536585365853659,0.6451612903225806,0.6829268292682927,0.6635071090047393,0.6533615947033746
liar2_finance,6,66,3,text_only,1638,410,logistic_regression,word_char,0.1,,0.6439024390243903,0.6439024390243903,0.645320197044335,0.6390243902439025,0.6421568627450981,0.6438939653531316
liar2_finance,6,66,3,emotion_aware,1638,410,linear_svm,word,0.1,0.1,0.6439024390243903,0.6439024390243901,0.6577540106951871,0.6,0.6275510204081632,0.6432147625405302
liar2_finance,6,66,4,text_only,1638,410,logistic_regression,word,1.0,,0.6463414634146342,0.6463414634146342,0.6415094339622641,0.6634146341463415,0.6522781774580336,0.6462383443121433
liar2_finance,6,66,4,emotion_aware,1638,410,logistic_regression,word_char,0.1,0.05,0.6268292682926829,0.6268292682926829,0.6262135922330098,0.6292682926829268,0.6277372262773723,0.6268270483465102
liar2_finance,6,66,5,text_only,1640,408,linear_svm,word,0.1,,0.6862745098039216,0.6862745098039216,0.69,0.6764705882352942,0.6831683168316832,0.6862443525905989
liar2_finance,6,66,5,emotion_aware,1640,408,linear_svm,word_char,0.1,0.25,0.6862745098039216,0.6862745098039216,0.7043010752688172,0.6421568627450981,0.6717948717948717,0.6856626941133983
liar2_finance,7,77,1,text_only,1638,410,logistic_regression,word_char,1.0,,0.6658536585365854,0.6658536585365853,0.6847826086956522,0.6146341463414634,0.6478149100257069,0.664974740395684
liar2_finance,7,77,1,emotion_aware,1638,410,linear_svm,word,0.1,0.05,0.6634146341463415,0.6634146341463414,0.6717948717948717,0.6390243902439025,0.655,0.6632142857142858
liar2_finance,7,77,2,text_only,1638,410,logistic_regression,word,1.0,,0.6463414634146342,0.6463414634146342,0.6470588235294118,0.6439024390243903,0.6454767726161369,0.6463393595440782
liar2_finance,7,77,2,emotion_aware,1638,410,linear_svm,word_char,0.1,0.1,0.6707317073170732,0.6707317073170732,0.675,0.6585365853658537,0.6666666666666666,0.6706827309236947
liar2_finance,7,77,3,text_only,1638,410,logistic_regression,word,1.0,,0.6536585365853659,0.6536585365853659,0.6507177033492823,0.6634146341463415,0.6570048309178744,0.6536255681682968
liar2_finance,7,77,3,emotion_aware,1638,410,linear_svm,word_char,0.1,0.1,0.6585365853658537,0.6585365853658537,0.6540284360189573,0.6731707317073171,0.6634615384615384,0.658463442498096
liar2_finance,7,77,4,text_only,1638,410,linear_svm,word_char,0.1,,0.697560975609756,0.697560975609756,0.6883720930232559,0.7219512195121951,0.7047619047619048,0.6973809523809524
liar2_finance,7,77,4,emotion_aware,1638,410,logistic_regression,word_char,0.1,0.05,0.6926829268292682,0.6926829268292682,0.6926829268292682,0.6926829268292682,0.6926829268292682,0.6926829268292682
liar2_finance,7,77,5,text_only,1640,408,logistic_regression,word,1.0,,0.6078431372549019,0.607843137254902,0.6134020618556701,0.5833333333333334,0.5979899497487438,0.6076074150657594
liar2_finance,7,77,5,emotion_aware,1640,408,logistic_regression,word_char,0.1,0.05,0.625,0.625,0.6208530805687204,0.6421568627450981,0.6313253012048192,0.6248895832707388
liar2_finance,8,88,1,text_only,1638,410,linear_svm,word_char,0.1,,0.6609756097560976,0.6609756097560976,0.665,0.6487804878048781,0.6567901234567901,0.6609251822103228
liar2_finance,8,88,1,emotion_aware,1638,410,logistic_regression,word_char,1.0,0.05,0.6560975609756098,0.6560975609756098,0.66,0.6439024390243903,0.6518518518518519,0.6560464078536368
liar2_finance,8,88,2,text_only,1638,410,logistic_regression,word,1.0,,0.6170731707317073,0.6170731707317073,0.625,0.5853658536585366,0.6045340050377834,0.6166878063013976
liar2_finance,8,88,2,emotion_aware,1638,410,linear_svm,word_char,0.1,0.25,0.6658536585365854,0.6658536585365853,0.6789473684210526,0.6292682926829268,0.6531645569620254,0.6654058078927774
liar2_finance,8,88,3,text_only,1638,410,linear_svm,word_char,0.1,,0.6195121951219512,0.6195121951219512,0.6139534883720931,0.6439024390243903,0.6285714285714286,0.6192857142857142
liar2_finance,8,88,3,emotion_aware,1638,410,logistic_regression,word_char,1.0,0.1,0.6390243902439025,0.6390243902439025,0.6363636363636364,0.6487804878048781,0.642512077294686,0.6389900287951262
liar2_finance,8,88,4,text_only,1638,410,logistic_regression,word_char,0.1,,0.7,0.7,0.7070707070707071,0.6829268292682927,0.6947890818858561,0.6999125265544388
liar2_finance,8,88,4,emotion_aware,1638,410,logistic_regression,word,0.1,0.05,0.6902439024390243,0.6902439024390243,0.696969696969697,0.6731707317073171,0.684863523573201,0.6901535843285669
liar2_finance,8,88,5,text_only,1640,408,logistic_regression,word_char,0.1,,0.6470588235294118,0.6470588235294118,0.6456310679611651,0.6519607843137255,0.6487804878048781,0.6470503424246066
liar2_finance,8,88,5,emotion_aware,1640,408,logistic_regression,word_char,1.0,0.1,0.6617647058823529,0.661764705882353,0.6571428571428571,0.6764705882352942,0.6666666666666666,0.6616915422885572
liar2_finance,9,99,1,text_only,1638,410,linear_svm,word_char,0.1,,0.6585365853658537,0.6585365853658537,0.6570048309178744,0.6634146341463415,0.6601941747572816,0.6585284599276604
liar2_finance,9,99,1,emotion_aware,1638,410,logistic_regression,word_char,0.1,0.05,0.6585365853658537,0.6585365853658537,0.6585365853658537,0.6585365853658537,0.6585365853658537,0.6585365853658537
liar2_finance,9,99,2,text_only,1638,410,logistic_regression,word,1.0,,0.6609756097560976,0.6609756097560976,0.6683673469387755,0.6390243902439025,0.6533665835411472,0.6608121700521965
liar2_finance,9,99,2,emotion_aware,1638,410,linear_svm,word,0.1,0.1,0.6780487804878049,0.6780487804878048,0.6852791878172588,0.6585365853658537,0.6716417910447762,0.6779261586802828
liar2_finance,9,99,3,text_only,1638,410,logistic_regression,word_char,0.1,,0.6609756097560976,0.6609756097560976,0.6601941747572816,0.6634146341463415,0.6618004866180048,0.6609735929422542
liar2_finance,9,99,3,emotion_aware,1638,410,logistic_regression,word_char,0.1,0.05,0.6658536585365854,0.6658536585365854,0.6666666666666666,0.6634146341463415,0.6650366748166259,0.6658516707416462
liar2_finance,9,99,4,text_only,1638,410,linear_svm,word,0.1,,0.6878048780487804,0.6878048780487804,0.6842105263157895,0.697560975609756,0.6908212560386473,0.687775160039028
liar2_finance,9,99,4,emotion_aware,1638,410,logistic_regression,word_char,0.1,0.05,0.697560975609756,0.697560975609756,0.6956521739130435,0.7024390243902439,0.6990291262135923,0.6975537787930706
liar2_finance,9,99,5,text_only,1640,408,linear_svm,word_char,0.1,,0.6372549019607843,0.6372549019607843,0.64,0.6274509803921569,0.6336633663366337,0.63722003268288
liar2_finance,9,99,5,emotion_aware,1640,408,logistic_regression,word_char,1.0,0.25,0.6568627450980392,0.6568627450980392,0.66,0.6470588235294118,0.6534653465346535,0.6568297606459675
liar2_finance,10,110,1,text_only,1638,410,linear_svm,word,0.1,,0.6609756097560976,0.6609756097560975,0.65,0.697560975609756,0.6729411764705883,0.6605212211466865
liar2_finance,10,110,1,emotion_aware,1638,410,linear_svm,word,0.1,0.25,0.6414634146341464,0.6414634146341464,0.638095238095238,0.6536585365853659,0.6457831325301204,0.6414100847835787
liar2_finance,10,110,2,text_only,1638,410,logistic_regression,word_char,0.1,,0.651219512195122,0.651219512195122,0.6476190476190476,0.6634146341463415,0.655421686746988,0.6511676334969507
liar2_finance,10,110,2,emotion_aware,1638,410,logistic_regression,word,1.0,0.1,0.675609756097561,0.6756097560975609,0.6818181818181818,0.6585365853658537,0.6699751861042184,0.6755151709897591
liar2_finance,10,110,3,text_only,1638,410,logistic_regression,word_char,10.0,,0.6317073170731707,0.6317073170731707,0.6377551020408163,0.6097560975609756,0.6234413965087282,0.6315297674667746
liar2_finance,10,110,3,emotion_aware,1638,410,linear_svm,word_char,0.1,0.1,0.6682926829268293,0.6682926829268293,0.6699507389162561,0.6634146341463415,0.6666666666666666,0.6682847896440129
liar2_finance,10,110,4,text_only,1638,410,logistic_regression,word_char,0.1,,0.6829268292682927,0.6829268292682926,0.7049180327868853,0.6292682926829268,0.6649484536082474,0.6820112638411607
liar2_finance,10,110,4,emotion_aware,1638,410,logistic_regression,word_char,0.1,0.05,0.6731707317073171,0.673170731707317,0.6802030456852792,0.6536585365853659,0.6666666666666666,0.6730462519936204
liar2_finance,10,110,5,text_only,1640,408,linear_svm,word_char,0.1,,0.6519607843137255,0.6519607843137254,0.6581632653061225,0.6323529411764706,0.645,0.6518269230769231
liar2_finance,10,110,5,emotion_aware,1640,408,linear_svm,word,0.1,0.5,0.6593137254901961,0.6593137254901961,0.6666666666666666,0.6372549019607843,0.6516290726817042,0.6591478696741855
factors_finance,1,11,1,text_only,416,106,logistic_regression,word_char,0.1,,0.6226415094339622,0.6226415094339622,0.6511627906976745,0.5283018867924528,0.5833333333333334,0.6192528735632183
factors_finance,1,11,1,emotion_aware,416,106,logistic_regression,word_char,1.0,0.5,0.6320754716981132,0.6320754716981132,0.6666666666666666,0.5283018867924528,0.5894736842105263,0.6280701754385964
factors_finance,1,11,2,text_only,418,104,logistic_regression,word_char,0.1,,0.6538461538461539,0.6538461538461539,0.6666666666666666,0.6153846153846154,0.64,0.6533333333333333
factors_finance,1,11,2,emotion_aware,418,104,logistic_regression,word_char,0.1,0.05,0.6923076923076923,0.6923076923076923,0.7,0.6730769230769231,0.6862745098039216,0.6921938586755456
factors_finance,1,11,3,text_only,418,104,logistic_regression,word,1.0,,0.7307692307692307,0.7307692307692308,0.7142857142857143,0.7692307692307693,0.7407407407407407,0.7303703703703703
factors_finance,1,11,3,emotion_aware,418,104,logistic_regression,word,10.0,0.1,0.6730769230769231,0.6730769230769231,0.6666666666666666,0.6923076923076923,0.6792452830188679,0.6729559748427673
factors_finance,1,11,4,text_only,418,104,logistic_regression,word,0.1,,0.5576923076923077,0.5576923076923077,0.5652173913043478,0.5,0.5306122448979592,0.5562152133580704
factors_finance,1,11,4,emotion_aware,418,104,logistic_regression,word_char,1.0,0.25,0.5673076923076923,0.5673076923076923,0.5777777777777777,0.5,0.5360824742268041,0.5653385344106994
factors_finance,1,11,5,text_only,418,104,logistic_regression,word,0.1,,0.6153846153846154,0.6153846153846154,0.6153846153846154,0.6153846153846154,0.6153846153846154,0.6153846153846154
factors_finance,1,11,5,emotion_aware,418,104,logistic_regression,word,0.1,0.05,0.625,0.625,0.6226415094339622,0.6346153846153846,0.6285714285714286,0.6249653259361997
factors_finance,2,22,1,text_only,416,106,logistic_regression,word_char,1.0,,0.6698113207547169,0.6698113207547169,0.7142857142857143,0.5660377358490566,0.631578947368421,0.6662168241115609
factors_finance,2,22,1,emotion_aware,416,106,linear_svm,word_char,1.0,0.1,0.6226415094339622,0.6226415094339622,0.6444444444444445,0.5471698113207547,0.5918367346938775,0.6204797708557107
factors_finance,2,22,2,text_only,418,104,linear_svm,word_char,1.0,,0.6153846153846154,0.6153846153846154,0.6,0.6923076923076923,0.6428571428571429,0.6130952380952381
factors_finance,2,22,2,emotion_aware,418,104,linear_svm,word_char,1.0,0.1,0.6538461538461539,0.6538461538461539,0.6379310344827587,0.7115384615384616,0.6727272727272727,0.6526901669758813
factors_finance,2,22,3,text_only,418,104,linear_svm,word_char,10.0,,0.6538461538461539,0.6538461538461539,0.6538461538461539,0.6538461538461539,0.6538461538461539,0.6538461538461539
factors_finance,2,22,3,emotion_aware,418,104,linear_svm,word,0.1,0.05,0.6346153846153846,0.6346153846153846,0.64,0.6153846153846154,0.6274509803921569,0.6344802071772104
factors_finance,2,22,4,text_only,418,104,logistic_regression,word,0.1,,0.5673076923076923,0.5673076923076923,0.5777777777777777,0.5,0.5360824742268041,0.5653385344106994
factors_finance,2,22,4,emotion_aware,418,104,logistic_regression,word,1.0,0.1,0.6153846153846154,0.6153846153846154,0.6428571428571429,0.5192307692307693,0.574468085106383,0.6117954460619635
factors_finance,2,22,5,text_only,418,104,linear_svm,word_char,0.1,,0.5961538461538461,0.5961538461538461,0.5806451612903226,0.6923076923076923,0.631578947368421,0.5923852183650615
factors_finance,2,22,5,emotion_aware,418,104,logistic_regression,word_char,1.0,1.0,0.6442307692307693,0.6442307692307693,0.6530612244897959,0.6153846153846154,0.6336633663366337,0.6439344869066346
factors_finance,3,33,1,text_only,416,106,logistic_regression,word_char,0.1,,0.6320754716981132,0.6320754716981132,0.64,0.6037735849056604,0.6213592233009708,0.631780529081678
factors_finance,3,33,1,emotion_aware,416,106,linear_svm,word_char,0.1,0.25,0.6226415094339622,0.6226415094339622,0.6382978723404256,0.5660377358490566,0.6,0.6214285714285714
factors_finance,3,33,2,text_only,418,104,logistic_regression,word_char,0.1,,0.6346153846153846,0.6346153846153846,0.64,0.6153846153846154,0.6274509803921569,0.6344802071772104
factors_finance,3,33,2,emotion_aware,418,104,linear_svm,word,0.1,0.5,0.5961538461538461,0.5961538461538461,0.5925925925925926,0.6153846153846154,0.6037735849056604,0.5960044395116537
factors_finance,3,33,3,text_only,418,104,logistic_regression,word_char,1.0,,0.5865384615384616,0.5865384615384615,0.5849056603773585,0.5961538461538461,0.5904761904761905,0.5865002311604253
factors_finance,3,33,3,emotion_aware,418,104,logistic_regression,word_char,1.0,0.5,0.6057692307692307,0.6057692307692308,0.6037735849056604,0.6153846153846154,0.6095238095238096,0.6057327785483125
factors_finance,3,33,4,text_only,418,104,logistic_regression,word_char,0.1,,0.5576923076923077,0.5576923076923077,0.5652173913043478,0.5,0.5306122448979592,0.5562152133580704
factors_finance,3,33,4,emotion_aware,418,104,logistic_regression,word_char,0.1,0.05,0.5865384615384616,0.5865384615384616,0.6,0.5192307692307693,0.5567010309278351,0.5846568217702238
factors_finance,3,33,5,text_only,418,104,linear_svm,word_char,0.1,,0.6057692307692307,0.6057692307692307,0.6122448979591837,0.5769230769230769,0.594059405940594,0.605440917923568
factors_finance,3,33,5,emotion_aware,418,104,logistic_regression,word_char,0.1,0.25,0.6826923076923077,0.6826923076923077,0.7111111111111111,0.6153846153846154,0.6597938144329897,0.6812482585678462
factors_finance,4,44,1,text_only,416,106,logistic_regression,word_char,0.1,,0.6037735849056604,0.6037735849056604,0.6078431372549019,0.5849056603773585,0.5961538461538461,0.6036324786324787
factors_finance,4,44,1,emotion_aware,416,106,logistic_regression,word_char,10.0,0.25,0.6509433962264151,0.6509433962264151,0.6481481481481481,0.660377358490566,0.6542056074766355,0.6509123275478416
factors_finance,4,44,2,text_only,418,104,logistic_regression,word_char,10.0,,0.5865384615384616,0.5865384615384616,0.5818181818181818,0.6153846153846154,0.5981308411214953,0.5861941334320347
factors_finance,4,44,2,emotion_aware,418,104,logistic_regression,word_char,1.0,0.1,0.6153846153846154,0.6153846153846154,0.6153846153846154,0.6153846153846154,0.6153846153846154,0.6153846153846154
factors_finance,4,44,3,text_only,418,104,linear_svm,word_char,0.1,,0.6057692307692307,0.6057692307692308,0.5873015873015873,0.7115384615384616,0.6434782608695652,0.6013090229079008
factors_finance,4,44,3,emotion_aware,418,104,linear_svm,word_char,0.1,0.5,0.6538461538461539,0.6538461538461539,0.6379310344827587,0.7115384615384616,0.6727272727272727,0.6526901669758813
factors_finance,4,44,4,text_only,418,104,logistic_regression,word_char,0.1,,0.625,0.625,0.6382978723404256,0.5769230769230769,0.6060606060606061,0.6241312204614957
factors_finance,4,44,4,emotion_aware,418,104,linear_svm,word_char,0.1,0.25,0.6538461538461539,0.6538461538461539,0.6739130434782609,0.5961538461538461,0.6326530612244898,0.6526901669758813
factors_finance,4,44,5,text_only,418,104,linear_svm,word,0.1,,0.6442307692307693,0.6442307692307692,0.6666666666666666,0.5769230769230769,0.6185567010309279,0.6426116838487972
factors_finance,4,44,5,emotion_aware,418,104,logistic_regression,word_char,1.0,0.5,0.6730769230769231,0.6730769230769231,0.6956521739130435,0.6153846153846154,0.6530612244897959,0.6719851576994433
factors_finance,5,55,1,text_only,416,106,logistic_regression,word,1.0,,0.5188679245283019,0.5188679245283019,0.5192307692307693,0.5094339622641509,0.5142857142857142,0.5188251001335114
factors_finance,5,55,1,emotion_aware,416,106,logistic_regression,word_char,1.0,0.25,0.5566037735849056,0.5566037735849056,0.5652173913043478,0.49056603773584906,0.5252525252525253,0.5546616608563512
factors_finance,5,55,2,text_only,418,104,logistic_regression,word,1.0,,0.5865384615384616,0.5865384615384616,0.5818181818181818,0.6153846153846154,0.5981308411214953,0.5861941334320347
factors_finance,5,55,2,emotion_aware,418,104,logistic_regression,word,1.0,0.1,0.5961538461538461,0.5961538461538461,0.5961538461538461,0.5961538461538461,0.5961538461538461,0.5961538461538461
factors_finance,5,55,3,text_only,418,104,logistic_regression,word_char,0.1,,0.6442307692307693,0.6442307692307692,0.6595744680851063,0.5961538461538461,0.6262626262626263,0.6434065424891113
factors_finance,5,55,3,emotion_aware,418,104,logistic_regression,word_char,0.1,0.1,0.6346153846153846,0.6346153846153846,0.64,0.6153846153846154,0.6274509803921569,0.6344802071772104
factors_finance,5,55,4,text_only,418,104,logistic_regression,word_char,0.1,,0.6634615384615384,0.6634615384615384,0.6888888888888889,0.5961538461538461,0.6391752577319587,0.6619299712083218
factors_finance,5,55,4,emotion_aware,418,104,linear_svm,word_char,1.0,0.1,0.6634615384615384,0.6634615384615385,0.6808510638297872,0.6153846153846154,0.6464646464646465,0.662681864516727
factors_finance,5,55,5,text_only,418,104,logistic_regression,word,0.1,,0.5769230769230769,0.5769230769230769,0.5909090909090909,0.5,0.5416666666666666,0.5744047619047619
factors_finance,5,55,5,emotion_aware,418,104,logistic_regression,word,0.1,0.05,0.625,0.625,0.6326530612244898,0.5961538461538461,0.6138613861386139,0.6246877024151013
factors_finance,6,66,1,text_only,416,106,logistic_regression,word,1.0,,0.5849056603773585,0.5849056603773585,0.5789473684210527,0.6226415094339622,0.6,0.584313725490196
factors_finance,6,66,1,emotion_aware,416,106,linear_svm,word,0.1,0.25,0.6509433962264151,0.6509433962264151,0.6481481481481481,0.660377358490566,0.6542056074766355,0.6509123275478416
factors_finance,6,66,2,text_only,418,104,linear_svm,word,0.1,,0.5865384615384616,0.5865384615384616,0.576271186440678,0.6538461538461539,0.6126126126126126,0.5846568217702238
factors_finance,6,66,2,emotion_aware,418,104,logistic_regression,word,1.0,0.5,0.625,0.625,0.6444444444444445,0.5576923076923077,0.5979381443298969,0.6232933964892728
factors_finance,6,66,3,text_only,418,104,linear_svm,word,0.1,,0.6442307692307693,0.6442307692307693,0.6923076923076923,0.5192307692307693,0.5934065934065934,0.6385836385836385
factors_finance,6,66,3,emotion_aware,418,104,linear_svm,word,1.0,0.25,0.6538461538461539,0.6538461538461539,0.6739130434782609,0.5961538461538461,0.6326530612244898,0.6526901669758813
factors_finance,6,66,4,text_only,418,104,logistic_regression,word,10.0,,0.6634615384615384,0.6634615384615385,0.6666666666666666,0.6538461538461539,0.6601941747572816,0.6634304207119741
factors_finance,6,66,4,emotion_aware,418,104,linear_svm,word,1.0,0.1,0.6538461538461539,0.6538461538461539,0.6481481481481481,0.6730769230769231,0.660377358490566,0.6537180910099889
factors_finance,6,66,5,text_only,418,104,logistic_regression,word_char,0.1,,0.6538461538461539,0.6538461538461539,0.6666666666666666,0.6153846153846154,0.64,0.6533333333333333
factors_finance,6,66,5,emotion_aware,418,104,linear_svm,word_char,1.0,0.5,0.6826923076923077,0.6826923076923077,0.6862745098039216,0.6730769230769231,0.6796116504854369,0.6826629680998613
factors_finance,7,77,1,text_only,416,106,logistic_regression,word,1.0,,0.5943396226415094,0.5943396226415094,0.6,0.5660377358490566,0.5825242718446602,0.5940144295003118
factors_finance,7,77,1,emotion_aware,416,106,logistic_regression,word_char,0.1,0.05,0.6132075471698113,0.6132075471698113,0.6111111111111112,0.6226415094339622,0.616822429906542,0.6131731197151757
factors_finance,7,77,2,text_only,418,104,linear_svm,word_char,1.0,,0.6634615384615384,0.6634615384615384,0.6888888888888889,0.5961538461538461,0.6391752577319587,0.6619299712083218
factors_finance,7,77,2,emotion_aware,418,104,linear_svm,word_char,10.0,0.5,0.6538461538461539,0.6538461538461539,0.6481481481481481,0.6730769230769231,0.660377358490566,0.6537180910099889
factors_finance,7,77,3,text_only,418,104,logistic_regression,word,0.1,,0.6153846153846154,0.6153846153846154,0.62,0.5961538461538461,0.6078431372549019,0.6152423233444321
factors_finance,7,77,3,emotion_aware,418,104,linear_svm,word,0.1,0.25,0.5673076923076923,0.5673076923076923,0.574468085106383,0.5192307692307693,0.5454545454545454,0.5663052543786489
factors_finance,7,77,4,text_only,418,104,linear_svm,word_char,1.0,,0.625,0.625,0.6382978723404256,0.5769230769230769,0.6060606060606061,0.6241312204614957
factors_finance,7,77,4,emotion_aware,418,104,logistic_regression,word_char,0.1,0.1,0.6346153846153846,0.6346153846153846,0.625,0.6730769230769231,0.6481481481481481,0.634074074074074
factors_finance,7,77,5,text_only,418,104,logistic_regression,word_char,0.1,,0.5961538461538461,0.5961538461538461,0.6041666666666666,0.5576923076923077,0.58,0.5955555555555556
factors_finance,7,77,5,emotion_aware,418,104,linear_svm,word_char,1.0,0.1,0.6153846153846154,0.6153846153846154,0.6363636363636364,0.5384615384615384,0.5833333333333334,0.6130952380952381
factors_finance,8,88,1,text_only,416,106,linear_svm,word,0.1,,0.6509433962264151,0.6509433962264151,0.6379310344827587,0.6981132075471698,0.6666666666666666,0.6501650165016502
factors_finance,8,88,1,emotion_aware,416,106,logistic_regression,word,1.0,0.25,0.5660377358490566,0.5660377358490566,0.5686274509803921,0.5471698113207547,0.5576923076923077,0.565883190883191
factors_finance,8,88,2,text_only,418,104,linear_svm,word_char,0.1,,0.5865384615384616,0.5865384615384615,0.5789473684210527,0.6346153846153846,0.6055045871559633,0.5855805764062645
factors_finance,8,88,2,emotion_aware,418,104,logistic_regression,word_char,10.0,1.0,0.6057692307692307,0.6057692307692307,0.6,0.6346153846153846,0.616822429906542,0.605440917923568
factors_finance,8,88,3,text_only,418,104,logistic_regression,word,0.1,,0.6346153846153846,0.6346153846153846,0.6666666666666666,0.5384615384615384,0.5957446808510638,0.6312056737588652
factors_finance,8,88,3,emotion_aware,418,104,linear_svm,word,0.1,1.0,0.6826923076923077,0.6826923076923077,0.7209302325581395,0.5961538461538461,0.6526315789473685,0.68029809035864
factors_finance,8,88,4,text_only,418,104,logistic_regression,word_char,0.1,,0.625,0.625,0.6326530612244898,0.5961538461538461,0.6138613861386139,0.6246877024151013
factors_finance,8,88,4,emotion_aware,418,104,logistic_regression,word_char,1.0,0.1,0.625,0.625,0.6181818181818182,0.6538461538461539,0.6355140186915887,0.6246877024151013
factors_finance,8,88,5,text_only,418,104,logistic_regression,word,0.1,,0.6153846153846154,0.6153846153846154,0.6111111111111112,0.6346153846153846,0.6226415094339622,0.6152423233444321
factors_finance,8,88,5,emotion_aware,418,104,linear_svm,word_char,0.1,0.25,0.6153846153846154,0.6153846153846154,0.6153846153846154,0.6153846153846154,0.6153846153846154,0.6153846153846154
factors_finance,9,99,1,text_only,416,106,logistic_regression,word_char,0.1,,0.6509433962264151,0.6509433962264151,0.6666666666666666,0.6037735849056604,0.6336633663366337,0.6501650165016502
factors_finance,9,99,1,emotion_aware,416,106,logistic_regression,word,10.0,1.0,0.6698113207547169,0.6698113207547169,0.6730769230769231,0.660377358490566,0.6666666666666666,0.6697819314641744
factors_finance,9,99,2,text_only,418,104,logistic_regression,word_char,0.1,,0.5961538461538461,0.5961538461538461,0.6,0.5769230769230769,0.5882352941176471,0.5960044395116537
factors_finance,9,99,2,emotion_aware,418,104,linear_svm,word_char,10.0,1.0,0.6153846153846154,0.6153846153846154,0.62,0.5961538461538461,0.6078431372549019,0.6152423233444321
factors_finance,9,99,3,text_only,418,104,logistic_regression,word,1.0,,0.5673076923076923,0.5673076923076923,0.5686274509803921,0.5576923076923077,0.5631067961165048,0.5672676837725381
factors_finance,9,99,3,emotion_aware,418,104,logistic_regression,word,10.0,0.05,0.5961538461538461,0.5961538461538461,0.5925925925925926,0.6153846153846154,0.6037735849056604,0.5960044395116537
factors_finance,9,99,4,text_only,418,104,logistic_regression,word_char,0.1,,0.6153846153846154,0.6153846153846154,0.6428571428571429,0.5192307692307693,0.574468085106383,0.6117954460619635
factors_finance,9,99,4,emotion_aware,418,104,logistic_regression,word_char,10.0,0.25,0.6538461538461539,0.6538461538461537,0.6818181818181818,0.5769230769230769,0.625,0.6517857142857143
factors_finance,9,99,5,text_only,418,104,linear_svm,word_char,1.0,,0.6346153846153846,0.6346153846153846,0.6346153846153846,0.6346153846153846,0.6346153846153846,0.6346153846153846
factors_finance,9,99,5,emotion_aware,418,104,linear_svm,word_char,1.0,1.0,0.6153846153846154,0.6153846153846154,0.6111111111111112,0.6346153846153846,0.6226415094339622,0.6152423233444321
factors_finance,10,110,1,text_only,416,106,logistic_regression,word_char,10.0,,0.7169811320754716,0.7169811320754718,0.7555555555555555,0.6415094339622641,0.6938775510204082,0.715359828141783
factors_finance,10,110,1,emotion_aware,416,106,logistic_regression,word_char,1.0,0.1,0.6509433962264151,0.6509433962264151,0.6904761904761905,0.5471698113207547,0.6105263157894737,0.6471434997750787
factors_finance,10,110,2,text_only,418,104,linear_svm,word,0.1,,0.5096153846153846,0.5096153846153846,0.5106382978723404,0.46153846153846156,0.48484848484848486,0.508479288295802
factors_finance,10,110,2,emotion_aware,418,104,logistic_regression,word_char,1.0,0.05,0.5480769230769231,0.5480769230769231,0.5510204081632653,0.5192307692307693,0.5346534653465347,0.5477005644489683
factors_finance,10,110,3,text_only,418,104,linear_svm,word_char,1.0,,0.5961538461538461,0.5961538461538461,0.5925925925925926,0.6153846153846154,0.6037735849056604,0.5960044395116537
factors_finance,10,110,3,emotion_aware,418,104,linear_svm,word_char,1.0,0.5,0.6153846153846154,0.6153846153846154,0.6153846153846154,0.6153846153846154,0.6153846153846154,0.6153846153846154
factors_finance,10,110,4,text_only,418,104,logistic_regression,word,0.1,,0.7019230769230769,0.7019230769230769,0.6981132075471698,0.7115384615384616,0.7047619047619048,0.7018955154877485
factors_finance,10,110,4,emotion_aware,418,104,logistic_regression,word,1.0,0.25,0.6826923076923077,0.6826923076923077,0.6862745098039216,0.6730769230769231,0.6796116504854369,0.6826629680998613
factors_finance,10,110,5,text_only,418,104,logistic_regression,word_char,0.1,,0.6153846153846154,0.6153846153846154,0.62,0.5961538461538461,0.6078431372549019,0.6152423233444321
factors_finance,10,110,5,emotion_aware,418,104,logistic_regression,word,0.1,0.05,0.6346153846153846,0.6346153846153846,0.6346153846153846,0.6346153846153846,0.6346153846153846,0.6346153846153846
