dataset,repetition,seed,model,parameter_index,ngram_range,min_df,C,inner_macro_f1,inner_balanced_accuracy,selected
liar2_finance,1,11,text_only,1,1-1,1,0.1,0.6430561089013045,0.64306640625,False
liar2_finance,1,11,text_only,2,1-1,1,1.0,0.647924959734288,0.64794921875,False
liar2_finance,1,11,text_only,3,1-1,1,10.0,0.6147437974440899,0.61474609375,False
liar2_finance,1,11,text_only,4,1-1,2,0.1,0.6489156529412283,0.64892578125,False
liar2_finance,1,11,text_only,5,1-1,2,1.0,0.6522960001220871,0.65234375,False
liar2_finance,1,11,text_only,6,1-1,2,10.0,0.6259408894433445,0.6259765625,False
liar2_finance,1,11,text_only,7,1-2,1,0.1,0.6520836196497015,0.65234375,False
liar2_finance,1,11,text_only,8,1-2,1,1.0,0.6573697059172392,0.65771484375,False
liar2_finance,1,11,text_only,9,1-2,1,10.0,0.6491701555666047,0.6494140625,False
liar2_finance,1,11,text_only,10,1-2,2,0.1,0.6547251450135028,0.65478515625,False
liar2_finance,1,11,text_only,11,1-2,2,1.0,0.6610694595471107,0.6611328125,True
liar2_finance,1,11,text_only,12,1-2,2,10.0,0.6342312117364427,0.63427734375,False
liar2_finance,1,11,emotion_aware,1,1-1,1,0.1,0.622701087708748,0.623046875,False
liar2_finance,1,11,emotion_aware,2,1-1,1,1.0,0.6400542478876639,0.64013671875,False
liar2_finance,1,11,emotion_aware,3,1-1,1,10.0,0.6245094806520978,0.62451171875,False
liar2_finance,1,11,emotion_aware,4,1-1,2,0.1,0.6232224553506556,0.62353515625,False
liar2_finance,1,11,emotion_aware,5,1-1,2,1.0,0.6473748473748474,0.6474609375,False
liar2_finance,1,11,emotion_aware,6,1-1,2,10.0,0.6264091743788688,0.62646484375,False
liar2_finance,1,11,emotion_aware,7,1-2,1,0.1,0.6050333199671574,0.60546875,False
liar2_finance,1,11,emotion_aware,8,1-2,1,1.0,0.6502764815280533,0.65087890625,False
liar2_finance,1,11,emotion_aware,9,1-2,1,10.0,0.6499335852415042,0.650390625,False
liar2_finance,1,11,emotion_aware,10,1-2,2,0.1,0.6182911390139452,0.61865234375,False
liar2_finance,1,11,emotion_aware,11,1-2,2,1.0,0.6521682710794459,0.65234375,True
liar2_finance,1,11,emotion_aware,12,1-2,2,10.0,0.6425696031952666,0.642578125,False
liar2_finance,2,22,text_only,1,1-1,1,0.1,0.6381641833642142,0.63818359375,False
liar2_finance,2,22,text_only,2,1-1,1,1.0,0.643546188978886,0.6435546875,False
liar2_finance,2,22,text_only,3,1-1,1,10.0,0.6220613017392573,0.6220703125,False
liar2_finance,2,22,text_only,4,1-1,2,0.1,0.6381641833642142,0.63818359375,False
liar2_finance,2,22,text_only,5,1-1,2,1.0,0.645499360546125,0.6455078125,False
liar2_finance,2,22,text_only,6,1-1,2,10.0,0.6259676448737352,0.6259765625,False
liar2_finance,2,22,text_only,7,1-2,1,0.1,0.6364660107821085,0.63671875,False
liar2_finance,2,22,text_only,8,1-2,1,1.0,0.6506082597341243,0.65087890625,False
liar2_finance,2,22,text_only,9,1-2,1,10.0,0.6523903818953324,0.65283203125,True
liar2_finance,2,22,text_only,10,1-2,2,0.1,0.6493806248307066,0.6494140625,False
liar2_finance,2,22,text_only,11,1-2,2,1.0,0.6493976788389808,0.6494140625,False
liar2_finance,2,22,text_only,12,1-2,2,10.0,0.6342228387055853,0.63427734375,False
liar2_finance,2,22,emotion_aware,1,1-1,1,0.1,0.6146335425590599,0.61474609375,False
liar2_finance,2,22,emotion_aware,2,1-1,1,1.0,0.6444647933001393,0.64453125,False
liar2_finance,2,22,emotion_aware,3,1-1,1,10.0,0.6288974022245937,0.62890625,False
liar2_finance,2,22,emotion_aware,4,1-1,2,0.1,0.6155971890811568,0.61572265625,False
liar2_finance,2,22,emotion_aware,5,1-1,2,1.0,0.6449578223830503,0.64501953125,False
liar2_finance,2,22,emotion_aware,6,1-1,2,10.0,0.626439104295049,0.62646484375,False
liar2_finance,2,22,emotion_aware,7,1-2,1,0.1,0.6019208501920492,0.60205078125,False
liar2_finance,2,22,emotion_aware,8,1-2,1,1.0,0.6524142790748635,0.65283203125,False
liar2_finance,2,22,emotion_aware,9,1-2,1,10.0,0.6525993708688667,0.65283203125,True
liar2_finance,2,22,emotion_aware,10,1-2,2,0.1,0.6117155929280993,0.61181640625,False
liar2_finance,2,22,emotion_aware,11,1-2,2,1.0,0.6517650537833142,0.65185546875,False
liar2_finance,2,22,emotion_aware,12,1-2,2,10.0,0.6449822037582058,0.64501953125,False
liar2_finance,3,33,text_only,1,1-1,1,0.1,0.645015384138542,0.64501953125,False
liar2_finance,3,33,text_only,2,1-1,1,1.0,0.639631597469593,0.6396484375,False
liar2_finance,3,33,text_only,3,1-1,1,10.0,0.6367100884935497,0.63671875,False
liar2_finance,3,33,text_only,4,1-1,2,0.1,0.6406236290879406,0.640625,False
liar2_finance,3,33,text_only,5,1-1,2,1.0,0.6435516280790832,0.6435546875,False
liar2_finance,3,33,text_only,6,1-1,2,10.0,0.6328037453590717,0.6328125,False
liar2_finance,3,33,text_only,7,1-2,1,0.1,0.6442839460341061,0.64453125,False
liar2_finance,3,33,text_only,8,1-2,1,1.0,0.6516221539092854,0.65185546875,True
liar2_finance,3,33,text_only,9,1-2,1,10.0,0.649132652817745,0.6494140625,False
liar2_finance,3,33,text_only,10,1-2,2,0.1,0.643546188978886,0.6435546875,False
liar2_finance,3,33,text_only,11,1-2,2,1.0,0.645499360546125,0.6455078125,False
liar2_finance,3,33,text_only,12,1-2,2,10.0,0.6401359465655134,0.64013671875,False
liar2_finance,3,33,emotion_aware,1,1-1,1,0.1,0.6154247558192388,0.61572265625,False
liar2_finance,3,33,emotion_aware,2,1-1,1,1.0,0.649822110902924,0.64990234375,False
liar2_finance,3,33,emotion_aware,3,1-1,1,10.0,0.6376949669789953,0.6376953125,False
liar2_finance,3,33,emotion_aware,4,1-1,2,0.1,0.6193928816044457,0.61962890625,False
liar2_finance,3,33,emotion_aware,5,1-1,2,1.0,0.6508088899317819,0.65087890625,False
liar2_finance,3,33,emotion_aware,6,1-1,2,10.0,0.63621997418806,0.63623046875,False
liar2_finance,3,33,emotion_aware,7,1-2,1,0.1,0.6008068720110604,0.60107421875,False
liar2_finance,3,33,emotion_aware,8,1-2,1,1.0,0.6494810662400523,0.64990234375,False
liar2_finance,3,33,emotion_aware,9,1-2,1,10.0,0.6565082387071917,0.65673828125,True
liar2_finance,3,33,emotion_aware,10,1-2,2,0.1,0.6121415657334217,0.6123046875,False
liar2_finance,3,33,emotion_aware,11,1-2,2,1.0,0.649822110902924,0.64990234375,False
liar2_finance,3,33,emotion_aware,12,1-2,2,10.0,0.6425290338333817,0.642578125,False
liar2_finance,4,44,text_only,1,1-1,1,0.1,0.6440408470681135,0.64404296875,False
liar2_finance,4,44,text_only,2,1-1,1,1.0,0.6415892574436836,0.6416015625,False
liar2_finance,4,44,text_only,3,1-1,1,10.0,0.6317853709158057,0.6318359375,False
liar2_finance,4,44,text_only,4,1-1,2,0.1,0.6469725720817022,0.64697265625,False
liar2_finance,4,44,text_only,5,1-1,2,1.0,0.6435206909838661,0.6435546875,False
liar2_finance,4,44,text_only,6,1-1,2,10.0,0.628883598852469,0.62890625,False
liar2_finance,4,44,text_only,7,1-2,1,0.1,0.6523405855492882,0.65283203125,False
liar2_finance,4,44,text_only,8,1-2,1,1.0,0.6543697542980711,0.65478515625,False
liar2_finance,4,44,text_only,9,1-2,1,10.0,0.6572047746177647,0.65771484375,True
liar2_finance,4,44,text_only,10,1-2,2,0.1,0.6468695199875796,0.64697265625,False
liar2_finance,4,44,text_only,11,1-2,2,1.0,0.652730606792765,0.65283203125,False
liar2_finance,4,44,text_only,12,1-2,2,10.0,0.6497479400494459,0.64990234375,False
liar2_finance,4,44,emotion_aware,1,1-1,1,0.1,0.6223056451218479,0.62255859375,False
liar2_finance,4,44,emotion_aware,2,1-1,1,1.0,0.6562027866375693,0.65625,False
liar2_finance,4,44,emotion_aware,3,1-1,1,10.0,0.6411063503299658,0.64111328125,False
liar2_finance,4,44,emotion_aware,4,1-1,2,0.1,0.6242407150657353,0.62451171875,False
liar2_finance,4,44,emotion_aware,5,1-1,2,1.0,0.6625795556068448,0.66259765625,False
liar2_finance,4,44,emotion_aware,6,1-1,2,10.0,0.6416012207042892,0.6416015625,False
liar2_finance,4,44,emotion_aware,7,1-2,1,0.1,0.6027999693695203,0.60302734375,False
liar2_finance,4,44,emotion_aware,8,1-2,1,1.0,0.6630471354139927,0.66357421875,False
liar2_finance,4,44,emotion_aware,9,1-2,1,10.0,0.6621445567922488,0.66259765625,False
liar2_finance,4,44,emotion_aware,10,1-2,2,0.1,0.6140631097651155,0.6142578125,False
liar2_finance,4,44,emotion_aware,11,1-2,2,1.0,0.6634868472043527,0.66357421875,True
liar2_finance,4,44,emotion_aware,12,1-2,2,10.0,0.6561660561660562,0.65625,False
liar2_finance,5,55,text_only,1,1-1,1,0.1,0.649892243614549,0.64990234375,False
liar2_finance,5,55,text_only,2,1-1,1,1.0,0.652818042337693,0.65283203125,False
liar2_finance,5,55,text_only,3,1-1,1,10.0,0.6425658534724474,0.642578125,False
liar2_finance,5,55,text_only,4,1-1,2,0.1,0.6552523957761094,0.6552734375,False
liar2_finance,5,55,text_only,5,1-1,2,1.0,0.6518367918200874,0.65185546875,False
liar2_finance,5,55,text_only,6,1-1,2,10.0,0.6352078974193894,0.63525390625,False
liar2_finance,5,55,text_only,7,1-2,1,0.1,0.6496309401809329,0.64990234375,False
liar2_finance,5,55,text_only,8,1-2,1,1.0,0.6628685943315202,0.6630859375,True
liar2_finance,5,55,text_only,9,1-2,1,10.0,0.6623541405857257,0.66259765625,False
liar2_finance,5,55,text_only,10,1-2,2,0.1,0.6469685319562115,0.64697265625,False
liar2_finance,5,55,text_only,11,1-2,2,1.0,0.6606308571374073,0.66064453125,False
liar2_finance,5,55,text_only,12,1-2,2,10.0,0.6528081086977515,0.65283203125,False
liar2_finance,5,55,emotion_aware,1,1-1,1,0.1,0.6165140726559468,0.61669921875,False
liar2_finance,5,55,emotion_aware,2,1-1,1,1.0,0.6542015688451732,0.654296875,False
liar2_finance,5,55,emotion_aware,3,1-1,1,10.0,0.6381455474344297,0.63818359375,False
liar2_finance,5,55,emotion_aware,4,1-1,2,0.1,0.6195047144780446,0.61962890625,False
liar2_finance,5,55,emotion_aware,5,1-1,2,1.0,0.6542569781249553,0.654296875,False
liar2_finance,5,55,emotion_aware,6,1-1,2,10.0,0.6327774789313251,0.6328125,False
liar2_finance,5,55,emotion_aware,7,1-2,1,0.1,0.6018228475229508,0.60205078125,False
liar2_finance,5,55,emotion_aware,8,1-2,1,1.0,0.6569321049637483,0.6572265625,False
liar2_finance,5,55,emotion_aware,9,1-2,1,10.0,0.6633314079067512,0.66357421875,True
liar2_finance,5,55,emotion_aware,10,1-2,2,0.1,0.6141249648211484,0.6142578125,False
liar2_finance,5,55,emotion_aware,11,1-2,2,1.0,0.6624990848014073,0.66259765625,False
liar2_finance,5,55,emotion_aware,12,1-2,2,10.0,0.6557320879182191,0.65576171875,False
liar2_finance,6,66,text_only,1,1-1,1,0.1,0.6430595130492585,0.64306640625,False
liar2_finance,6,66,text_only,2,1-1,1,1.0,0.6488346054280546,0.64892578125,False
liar2_finance,6,66,text_only,3,1-1,1,10.0,0.6322399574754558,0.63232421875,False
liar2_finance,6,66,text_only,4,1-1,2,0.1,0.6406236290879406,0.640625,False
liar2_finance,6,66,text_only,5,1-1,2,1.0,0.643961393093768,0.64404296875,False
liar2_finance,6,66,text_only,6,1-1,2,10.0,0.624919516459659,0.625,False
liar2_finance,6,66,text_only,7,1-2,1,0.1,0.6408727673538916,0.64111328125,False
liar2_finance,6,66,text_only,8,1-2,1,1.0,0.6441154875490642,0.64453125,False
liar2_finance,6,66,text_only,9,1-2,1,10.0,0.6489306028275328,0.6494140625,True
liar2_finance,6,66,text_only,10,1-2,2,0.1,0.642536875688513,0.642578125,False
liar2_finance,6,66,text_only,11,1-2,2,1.0,0.648389213606605,0.6484375,False
liar2_finance,6,66,text_only,12,1-2,2,10.0,0.6356740876399778,0.6357421875,False
liar2_finance,6,66,emotion_aware,1,1-1,1,0.1,0.6202903343806216,0.62060546875,False
liar2_finance,6,66,emotion_aware,2,1-1,1,1.0,0.6535765878284479,0.65380859375,False
liar2_finance,6,66,emotion_aware,3,1-1,1,10.0,0.6298136171998703,0.6298828125,False
liar2_finance,6,66,emotion_aware,4,1-1,2,0.1,0.6296440500047715,0.6298828125,False
liar2_finance,6,66,emotion_aware,5,1-1,2,1.0,0.6521526717557252,0.65234375,False
liar2_finance,6,66,emotion_aware,6,1-1,2,10.0,0.637168882245319,0.63720703125,False
liar2_finance,6,66,emotion_aware,7,1-2,1,0.1,0.6056929568089667,0.60595703125,False
liar2_finance,6,66,emotion_aware,8,1-2,1,1.0,0.6523146858106003,0.65283203125,False
liar2_finance,6,66,emotion_aware,9,1-2,1,10.0,0.6514824640228745,0.65185546875,False
liar2_finance,6,66,emotion_aware,10,1-2,2,0.1,0.6150049000382651,0.615234375,False
liar2_finance,6,66,emotion_aware,11,1-2,2,1.0,0.6540563650991031,0.654296875,True
liar2_finance,6,66,emotion_aware,12,1-2,2,10.0,0.6464570646498076,0.646484375,False
liar2_finance,7,77,text_only,1,1-1,1,0.1,0.650854849112366,0.65087890625,False
liar2_finance,7,77,text_only,2,1-1,1,1.0,0.6434781862181654,0.6435546875,False
liar2_finance,7,77,text_only,3,1-1,1,10.0,0.6283434478854351,0.62841796875,False
liar2_finance,7,77,text_only,4,1-1,2,0.1,0.6498782193196734,0.64990234375,False
liar2_finance,7,77,text_only,5,1-1,2,1.0,0.6386549893326543,0.638671875,False
liar2_finance,7,77,text_only,6,1-1,2,10.0,0.610314399185103,0.6103515625,False
liar2_finance,7,77,text_only,7,1-2,1,0.1,0.6566210673843323,0.6572265625,False
liar2_finance,7,77,text_only,8,1-2,1,1.0,0.6636233333046857,0.6640625,False
liar2_finance,7,77,text_only,9,1-2,1,10.0,0.6636695816397751,0.6640625,True
liar2_finance,7,77,text_only,10,1-2,2,0.1,0.6600732600732601,0.66015625,False
liar2_finance,7,77,text_only,11,1-2,2,1.0,0.6601403683453073,0.66015625,False
liar2_finance,7,77,text_only,12,1-2,2,10.0,0.6396205990491133,0.6396484375,False
liar2_finance,7,77,emotion_aware,1,1-1,1,0.1,0.6188756564651137,0.619140625,False
liar2_finance,7,77,emotion_aware,2,1-1,1,1.0,0.6492371048244974,0.6494140625,False
liar2_finance,7,77,emotion_aware,3,1-1,1,10.0,0.632743852419924,0.6328125,False
liar2_finance,7,77,emotion_aware,4,1-1,2,0.1,0.6178783575366102,0.6181640625,False
liar2_finance,7,77,emotion_aware,5,1-1,2,1.0,0.6560764927527105,0.65625,False
liar2_finance,7,77,emotion_aware,6,1-1,2,10.0,0.619621560417746,0.61962890625,False
liar2_finance,7,77,emotion_aware,7,1-2,1,0.1,0.6038126279286278,0.60400390625,False
liar2_finance,7,77,emotion_aware,8,1-2,1,1.0,0.6525436650509936,0.65283203125,False
liar2_finance,7,77,emotion_aware,9,1-2,1,10.0,0.6628515422576006,0.6630859375,True
liar2_finance,7,77,emotion_aware,10,1-2,2,0.1,0.6124713451271981,0.61279296875,False
liar2_finance,7,77,emotion_aware,11,1-2,2,1.0,0.6584959146239786,0.65869140625,False
liar2_finance,7,77,emotion_aware,12,1-2,2,10.0,0.6405756405756406,0.640625,False
liar2_finance,8,88,text_only,1,1-1,1,0.1,0.6347569169263106,0.634765625,False
liar2_finance,8,88,text_only,2,1-1,1,1.0,0.6445281989610583,0.64453125,False
liar2_finance,8,88,text_only,3,1-1,1,10.0,0.6274157340877418,0.62744140625,False
liar2_finance,8,88,text_only,4,1-1,2,0.1,0.6401366329518874,0.64013671875,False
liar2_finance,8,88,text_only,5,1-1,2,1.0,0.6440238727024455,0.64404296875,False
liar2_finance,8,88,text_only,6,1-1,2,10.0,0.6205901812888712,0.62060546875,False
liar2_finance,8,88,text_only,7,1-2,1,0.1,0.6422502541487092,0.642578125,False
liar2_finance,8,88,text_only,8,1-2,1,1.0,0.6567538763021281,0.6572265625,False
liar2_finance,8,88,text_only,9,1-2,1,10.0,0.658520225005757,0.6591796875,True
liar2_finance,8,88,text_only,10,1-2,2,0.1,0.6493926631264115,0.6494140625,False
liar2_finance,8,88,text_only,11,1-2,2,1.0,0.6527882397124309,0.65283203125,False
liar2_finance,8,88,text_only,12,1-2,2,10.0,0.6444647933001393,0.64453125,False
liar2_finance,8,88,emotion_aware,1,1-1,1,0.1,0.6042563058768969,0.6044921875,False
liar2_finance,8,88,emotion_aware,2,1-1,1,1.0,0.6507522569138446,0.65087890625,False
liar2_finance,8,88,emotion_aware,3,1-1,1,10.0,0.6425440353427261,0.642578125,False
liar2_finance,8,88,emotion_aware,4,1-1,2,0.1,0.6086806238885331,0.60888671875,False
liar2_finance,8,88,emotion_aware,5,1-1,2,1.0,0.6483288369590519,0.6484375,False
liar2_finance,8,88,emotion_aware,6,1-1,2,10.0,0.6249824754155116,0.625,False
liar2_finance,8,88,emotion_aware,7,1-2,1,0.1,0.5896183206106871,0.58984375,False
liar2_finance,8,88,emotion_aware,8,1-2,1,1.0,0.6547980579334792,0.6552734375,False
liar2_finance,8,88,emotion_aware,9,1-2,1,10.0,0.6684393911608288,0.6689453125,True
liar2_finance,8,88,emotion_aware,10,1-2,2,0.1,0.598927456879659,0.59912109375,False
liar2_finance,8,88,emotion_aware,11,1-2,2,1.0,0.6570957549113889,0.6572265625,False
liar2_finance,8,88,emotion_aware,12,1-2,2,10.0,0.6507102699987286,0.65087890625,False
liar2_finance,9,99,text_only,1,1-1,1,0.1,0.6455047698430334,0.6455078125,False
liar2_finance,9,99,text_only,2,1-1,1,1.0,0.6440408470681135,0.64404296875,False
liar2_finance,9,99,text_only,3,1-1,1,10.0,0.6201041448108799,0.6201171875,False
liar2_finance,9,99,text_only,4,1-1,2,0.1,0.6464830264397676,0.646484375,False
liar2_finance,9,99,text_only,5,1-1,2,1.0,0.6440408470681135,0.64404296875,False
liar2_finance,9,99,text_only,6,1-1,2,10.0,0.6176735024064923,0.61767578125,False
liar2_finance,9,99,text_only,7,1-2,1,0.1,0.6468445898583352,0.64697265625,False
liar2_finance,9,99,text_only,8,1-2,1,1.0,0.6488346054280546,0.64892578125,True
liar2_finance,9,99,text_only,9,1-2,1,10.0,0.6379031055426378,0.63818359375,False
liar2_finance,9,99,text_only,10,1-2,2,0.1,0.6479484633293557,0.64794921875,False
liar2_finance,9,99,text_only,11,1-2,2,1.0,0.6396484375,0.6396484375,False
liar2_finance,9,99,text_only,12,1-2,2,10.0,0.6327900872856009,0.6328125,False
liar2_finance,9,99,emotion_aware,1,1-1,1,0.1,0.6194284719215571,0.61962890625,False
liar2_finance,9,99,emotion_aware,2,1-1,1,1.0,0.6493659102354754,0.6494140625,False
liar2_finance,9,99,emotion_aware,3,1-1,1,10.0,0.6298655161002054,0.6298828125,False
liar2_finance,9,99,emotion_aware,4,1-1,2,0.1,0.6184513948276459,0.61865234375,False
liar2_finance,9,99,emotion_aware,5,1-1,2,1.0,0.6503892913409857,0.650390625,True
liar2_finance,9,99,emotion_aware,6,1-1,2,10.0,0.6215422392195453,0.62158203125,False
liar2_finance,9,99,emotion_aware,7,1-2,1,0.1,0.6048650645504174,0.60498046875,False
liar2_finance,9,99,emotion_aware,8,1-2,1,1.0,0.6494067508281851,0.64990234375,False
liar2_finance,9,99,emotion_aware,9,1-2,1,10.0,0.6460942124458192,0.646484375,False
liar2_finance,9,99,emotion_aware,10,1-2,2,0.1,0.6121711671746731,0.6123046875,False
liar2_finance,9,99,emotion_aware,11,1-2,2,1.0,0.6473519726172714,0.6474609375,False
liar2_finance,9,99,emotion_aware,12,1-2,2,10.0,0.6386594693573922,0.638671875,False
liar2_finance,10,110,text_only,1,1-1,1,0.1,0.6406195162890058,0.640625,False
liar2_finance,10,110,text_only,2,1-1,1,1.0,0.6464830264397676,0.646484375,False
liar2_finance,10,110,text_only,3,1-1,1,10.0,0.6259765625,0.6259765625,False
liar2_finance,10,110,text_only,4,1-1,2,0.1,0.6411063503299658,0.64111328125,False
liar2_finance,10,110,text_only,5,1-1,2,1.0,0.6425750571971081,0.642578125,False
liar2_finance,10,110,text_only,6,1-1,2,10.0,0.6239717978848414,0.6240234375,False
liar2_finance,10,110,text_only,7,1-2,1,0.1,0.6463211244814386,0.646484375,False
liar2_finance,10,110,text_only,8,1-2,1,1.0,0.6496851041211651,0.64990234375,False
liar2_finance,10,110,text_only,9,1-2,1,10.0,0.6483164236344643,0.6484375,False
liar2_finance,10,110,text_only,10,1-2,2,0.1,0.6469658384878438,0.64697265625,False
liar2_finance,10,110,text_only,11,1-2,2,1.0,0.6538085112115172,0.65380859375,True
liar2_finance,10,110,text_only,12,1-2,2,10.0,0.6391580054641095,0.63916015625,False
liar2_finance,10,110,emotion_aware,1,1-1,1,0.1,0.6150566934963725,0.615234375,False
liar2_finance,10,110,emotion_aware,2,1-1,1,1.0,0.6473852745883775,0.6474609375,False
liar2_finance,10,110,emotion_aware,3,1-1,1,10.0,0.6254881919594268,0.62548828125,False
liar2_finance,10,110,emotion_aware,4,1-1,2,0.1,0.615502553374923,0.61572265625,False
liar2_finance,10,110,emotion_aware,5,1-1,2,1.0,0.6528081086977515,0.65283203125,False
liar2_finance,10,110,emotion_aware,6,1-1,2,10.0,0.6278785844003235,0.6279296875,False
liar2_finance,10,110,emotion_aware,7,1-2,1,0.1,0.6003664122137404,0.6005859375,False
liar2_finance,10,110,emotion_aware,8,1-2,1,1.0,0.6547726719226783,0.6552734375,False
liar2_finance,10,110,emotion_aware,9,1-2,1,10.0,0.6502435277898362,0.650390625,False
liar2_finance,10,110,emotion_aware,10,1-2,2,0.1,0.6121256530915224,0.6123046875,False
liar2_finance,10,110,emotion_aware,11,1-2,2,1.0,0.6576553418026385,0.65771484375,True
liar2_finance,10,110,emotion_aware,12,1-2,2,10.0,0.6406195162890058,0.640625,False
factors_finance,1,11,text_only,1,1-1,1,0.1,0.6378659129700663,0.6379310344827587,False
factors_finance,1,11,text_only,2,1-1,1,1.0,0.6359298142573966,0.6360153256704981,False
factors_finance,1,11,text_only,3,1-1,1,10.0,0.6398467432950191,0.6398467432950191,False
factors_finance,1,11,text_only,4,1-1,2,0.1,0.637929705706411,0.6379310344827587,False
factors_finance,1,11,text_only,5,1-1,2,1.0,0.63984145625367,0.6398467432950192,False
factors_finance,1,11,text_only,6,1-1,2,10.0,0.6302342737806422,0.6302681992337165,False
factors_finance,1,11,text_only,7,1-2,1,0.1,0.6397145206766917,0.6398467432950192,False
factors_finance,1,11,text_only,8,1-2,1,1.0,0.6417506193228737,0.6417624521072798,False
factors_finance,1,11,text_only,9,1-2,1,10.0,0.6551673517322372,0.6551724137931034,True
factors_finance,1,11,text_only,10,1-2,2,0.1,0.6492695410169516,0.6494252873563218,False
factors_finance,1,11,text_only,11,1-2,2,1.0,0.6513205220429555,0.6513409961685823,False
factors_finance,1,11,text_only,12,1-2,2,10.0,0.6455301264521813,0.6455938697318008,False
factors_finance,1,11,emotion_aware,1,1-1,1,0.1,0.5574566473988439,0.5574712643678161,False
factors_finance,1,11,emotion_aware,2,1-1,1,1.0,0.5862008220786847,0.5862068965517242,False
factors_finance,1,11,emotion_aware,3,1-1,1,10.0,0.6187725472781789,0.6187739463601533,False
factors_finance,1,11,emotion_aware,4,1-1,2,0.1,0.5670498084291188,0.5670498084291188,False
factors_finance,1,11,emotion_aware,5,1-1,2,1.0,0.6052191024436091,0.6053639846743295,False
factors_finance,1,11,emotion_aware,6,1-1,2,10.0,0.620684086905461,0.6206896551724138,False
factors_finance,1,11,emotion_aware,7,1-2,1,0.1,0.5593610992850537,0.5593869731800767,False
factors_finance,1,11,emotion_aware,8,1-2,1,1.0,0.5957720891824938,0.5957854406130267,False
factors_finance,1,11,emotion_aware,9,1-2,1,10.0,0.6283470346447446,0.6283524904214559,False
factors_finance,1,11,emotion_aware,10,1-2,2,0.1,0.5670243845148788,0.5670498084291187,False
factors_finance,1,11,emotion_aware,11,1-2,2,1.0,0.6110754278625408,0.6111111111111112,False
factors_finance,1,11,emotion_aware,12,1-2,2,10.0,0.6359939515833052,0.6360153256704981,True
factors_finance,2,22,text_only,1,1-1,1,0.1,0.6321623089683925,0.632183908045977,False
factors_finance,2,22,text_only,2,1-1,1,1.0,0.637929705706411,0.6379310344827587,False
factors_finance,2,22,text_only,3,1-1,1,10.0,0.6206896551724138,0.6206896551724138,False
factors_finance,2,22,text_only,4,1-1,2,0.1,0.647463002114165,0.6475095785440613,False
factors_finance,2,22,text_only,5,1-1,2,1.0,0.653224888882364,0.6532567049808429,True
factors_finance,2,22,text_only,6,1-1,2,10.0,0.6494240007633504,0.6494252873563218,False
factors_finance,2,22,text_only,7,1-2,1,0.1,0.6332584170470722,0.6340996168582376,False
factors_finance,2,22,text_only,8,1-2,1,1.0,0.63183801813186,0.632183908045977,False
factors_finance,2,22,text_only,9,1-2,1,10.0,0.6321353065539113,0.632183908045977,False
factors_finance,2,22,text_only,10,1-2,2,0.1,0.6414663978050312,0.6417624521072797,False
factors_finance,2,22,text_only,11,1-2,2,1.0,0.6319191444353038,0.632183908045977,False
factors_finance,2,22,text_only,12,1-2,2,10.0,0.6187725472781789,0.6187739463601533,False
factors_finance,2,22,emotion_aware,1,1-1,1,0.1,0.5816323529411764,0.5823754789272031,False
factors_finance,2,22,emotion_aware,2,1-1,1,1.0,0.629875640625287,0.6302681992337165,False
factors_finance,2,22,emotion_aware,3,1-1,1,10.0,0.6339370619357254,0.6340996168582376,False
factors_finance,2,22,emotion_aware,4,1-1,2,0.1,0.591160302255888,0.5919540229885057,False
factors_finance,2,22,emotion_aware,5,1-1,2,1.0,0.6301582581689629,0.6302681992337165,False
factors_finance,2,22,emotion_aware,6,1-1,2,10.0,0.637929705706411,0.6379310344827587,False
factors_finance,2,22,emotion_aware,7,1-2,1,0.1,0.5776512643982523,0.578544061302682,False
factors_finance,2,22,emotion_aware,8,1-2,1,1.0,0.6238529411764706,0.6245210727969348,False
factors_finance,2,22,emotion_aware,9,1-2,1,10.0,0.6454884858096277,0.6455938697318008,True
factors_finance,2,22,emotion_aware,10,1-2,2,0.1,0.5871757050529871,0.5881226053639848,False
factors_finance,2,22,emotion_aware,11,1-2,2,1.0,0.6392058823529412,0.6398467432950192,False
factors_finance,2,22,emotion_aware,12,1-2,2,10.0,0.6264244426094137,0.6264367816091954,False
factors_finance,3,33,text_only,1,1-1,1,0.1,0.5880485253363188,0.5881226053639846,False
factors_finance,3,33,text_only,2,1-1,1,1.0,0.5897432130685156,0.5900383141762452,False
factors_finance,3,33,text_only,3,1-1,1,10.0,0.5842530435771988,0.5842911877394636,False
factors_finance,3,33,text_only,4,1-1,2,0.1,0.5842164185952612,0.5842911877394636,False
factors_finance,3,33,text_only,5,1-1,2,1.0,0.5861825975894417,0.5862068965517242,False
factors_finance,3,33,text_only,6,1-1,2,10.0,0.5650558848899738,0.5651340996168582,False
factors_finance,3,33,text_only,7,1-2,1,0.1,0.5976066368108068,0.5977011494252873,False
factors_finance,3,33,text_only,8,1-2,1,1.0,0.610995473618132,0.6111111111111112,True
factors_finance,3,33,text_only,9,1-2,1,10.0,0.59958012031168,0.5996168582375478,False
factors_finance,3,33,text_only,10,1-2,2,0.1,0.5991917559102848,0.5996168582375478,False
factors_finance,3,33,text_only,11,1-2,2,1.0,0.5934878116872622,0.5938697318007663,False
factors_finance,3,33,text_only,12,1-2,2,10.0,0.5761788423740333,0.5766283524904214,False
factors_finance,3,33,emotion_aware,1,1-1,1,0.1,0.5777941176470589,0.578544061302682,False
factors_finance,3,33,emotion_aware,2,1-1,1,1.0,0.6060638411444432,0.60727969348659,False
factors_finance,3,33,emotion_aware,3,1-1,1,10.0,0.5898215465961666,0.5900383141762452,False
factors_finance,3,33,emotion_aware,4,1-1,2,0.1,0.5738117304382364,0.5747126436781609,False
factors_finance,3,33,emotion_aware,5,1-1,2,1.0,0.6141935246640069,0.6149425287356323,True
factors_finance,3,33,emotion_aware,6,1-1,2,10.0,0.57440651075332,0.5747126436781609,False
factors_finance,3,33,emotion_aware,7,1-2,1,0.1,0.5724438861525238,0.5727969348659003,False
factors_finance,3,33,emotion_aware,8,1-2,1,1.0,0.6100678920351051,0.6111111111111112,False
factors_finance,3,33,emotion_aware,9,1-2,1,10.0,0.6000294702718633,0.6015325670498084,False
factors_finance,3,33,emotion_aware,10,1-2,2,0.1,0.5738117304382364,0.5747126436781609,False
factors_finance,3,33,emotion_aware,11,1-2,2,1.0,0.6034780300013275,0.6053639846743295,False
factors_finance,3,33,emotion_aware,12,1-2,2,10.0,0.5839476380946085,0.5842911877394636,False
factors_finance,4,44,text_only,1,1-1,1,0.1,0.5938697318007663,0.5938697318007663,False
factors_finance,4,44,text_only,2,1-1,1,1.0,0.6051553205551883,0.6053639846743295,False
factors_finance,4,44,text_only,3,1-1,1,10.0,0.5756550270544657,0.5766283524904214,False
factors_finance,4,44,text_only,4,1-1,2,0.1,0.5881090008257639,0.5881226053639848,False
factors_finance,4,44,text_only,5,1-1,2,1.0,0.5898878054511278,0.5900383141762453,False
factors_finance,4,44,text_only,6,1-1,2,10.0,0.579903205535732,0.5804597701149425,False
factors_finance,4,44,text_only,7,1-2,1,0.1,0.6167682255341018,0.6168582375478927,True
factors_finance,4,44,text_only,8,1-2,1,1.0,0.6053581914268937,0.6053639846743295,False
factors_finance,4,44,text_only,9,1-2,1,10.0,0.6033769523005488,0.603448275862069,False
factors_finance,4,44,text_only,10,1-2,2,0.1,0.5938458828192669,0.5938697318007662,False
factors_finance,4,44,text_only,11,1-2,2,1.0,0.5975534539473684,0.5977011494252873,False
factors_finance,4,44,text_only,12,1-2,2,10.0,0.5993683785322146,0.5996168582375478,False
factors_finance,4,44,emotion_aware,1,1-1,1,0.1,0.5777941176470589,0.578544061302682,False
factors_finance,4,44,emotion_aware,2,1-1,1,1.0,0.6109383433138862,0.6111111111111112,False
factors_finance,4,44,emotion_aware,3,1-1,1,10.0,0.6109383433138862,0.6111111111111112,False
factors_finance,4,44,emotion_aware,4,1-1,2,0.1,0.5738117304382364,0.5747126436781609,False
factors_finance,4,44,emotion_aware,5,1-1,2,1.0,0.6127482665413092,0.6130268199233716,False
factors_finance,4,44,emotion_aware,6,1-1,2,10.0,0.587939624692047,0.5881226053639848,False
factors_finance,4,44,emotion_aware,7,1-2,1,0.1,0.5625762632128313,0.5632183908045977,False
factors_finance,4,44,emotion_aware,8,1-2,1,1.0,0.6010582010582011,0.6015325670498084,False
factors_finance,4,44,emotion_aware,9,1-2,1,10.0,0.6264244426094137,0.6264367816091954,True
factors_finance,4,44,emotion_aware,10,1-2,2,0.1,0.5681270798477689,0.5689655172413792,False
factors_finance,4,44,emotion_aware,11,1-2,2,1.0,0.6164021164021164,0.6168582375478927,False
factors_finance,4,44,emotion_aware,12,1-2,2,10.0,0.6014799154334038,0.6015325670498084,False
factors_finance,5,55,text_only,1,1-1,1,0.1,0.5876852991421591,0.5881226053639848,False
factors_finance,5,55,text_only,2,1-1,1,1.0,0.5996036333608588,0.5996168582375478,True
factors_finance,5,55,text_only,3,1-1,1,10.0,0.5995448455594913,0.5996168582375478,False
factors_finance,5,55,text_only,4,1-1,2,0.1,0.5801994014284928,0.5804597701149425,False
factors_finance,5,55,text_only,5,1-1,2,1.0,0.5761788423740333,0.5766283524904214,False
factors_finance,5,55,text_only,6,1-1,2,10.0,0.5862068965517241,0.5862068965517241,False
factors_finance,5,55,text_only,7,1-2,1,0.1,0.5828198716130861,0.5842911877394636,False
factors_finance,5,55,text_only,8,1-2,1,1.0,0.5871757050529871,0.5881226053639848,False
factors_finance,5,55,text_only,9,1-2,1,10.0,0.5817615148263037,0.5823754789272031,False
factors_finance,5,55,text_only,10,1-2,2,0.1,0.579903205535732,0.5804597701149425,False
factors_finance,5,55,text_only,11,1-2,2,1.0,0.5877822220753033,0.5881226053639846,False
factors_finance,5,55,text_only,12,1-2,2,10.0,0.5708812260536399,0.5708812260536399,False
factors_finance,5,55,emotion_aware,1,1-1,1,0.1,0.5650047906961377,0.5651340996168582,False
factors_finance,5,55,emotion_aware,2,1-1,1,1.0,0.5910159310524941,0.5919540229885057,False
factors_finance,5,55,emotion_aware,3,1-1,1,10.0,0.5994978028876334,0.5996168582375478,False
factors_finance,5,55,emotion_aware,4,1-1,2,0.1,0.5784450480875118,0.578544061302682,False
factors_finance,5,55,emotion_aware,5,1-1,2,1.0,0.5989678102358817,0.5996168582375478,False
factors_finance,5,55,emotion_aware,6,1-1,2,10.0,0.5803350183368025,0.5804597701149425,False
factors_finance,5,55,emotion_aware,7,1-2,1,0.1,0.5650047906961377,0.5651340996168582,False
factors_finance,5,55,emotion_aware,8,1-2,1,1.0,0.591160302255888,0.5919540229885057,False
factors_finance,5,55,emotion_aware,9,1-2,1,10.0,0.6106982126784106,0.6111111111111112,True
factors_finance,5,55,emotion_aware,10,1-2,2,0.1,0.5745565084586466,0.5747126436781609,False
factors_finance,5,55,emotion_aware,11,1-2,2,1.0,0.6023845007451565,0.603448275862069,False
factors_finance,5,55,emotion_aware,12,1-2,2,10.0,0.5821546596166556,0.5823754789272031,False
factors_finance,6,66,text_only,1,1-1,1,0.1,0.596985294117647,0.5977011494252873,False
factors_finance,6,66,text_only,2,1-1,1,1.0,0.6031205579980827,0.603448275862069,False
factors_finance,6,66,text_only,3,1-1,1,10.0,0.6148280305282982,0.6149425287356323,False
factors_finance,6,66,text_only,4,1-1,2,0.1,0.5893088235294117,0.5900383141762452,False
factors_finance,6,66,text_only,5,1-1,2,1.0,0.578042328042328,0.578544061302682,False
factors_finance,6,66,text_only,6,1-1,2,10.0,0.5952492071599975,0.5957854406130267,False
factors_finance,6,66,text_only,7,1-2,1,0.1,0.6348091198303287,0.6360153256704981,True
factors_finance,6,66,text_only,8,1-2,1,1.0,0.6332584170470722,0.6340996168582376,False
factors_finance,6,66,text_only,9,1-2,1,10.0,0.6337111262146623,0.6340996168582376,False
factors_finance,6,66,text_only,10,1-2,2,0.1,0.6029222079721303,0.603448275862069,False
factors_finance,6,66,text_only,11,1-2,2,1.0,0.5974115642261135,0.5977011494252874,False
factors_finance,6,66,text_only,12,1-2,2,10.0,0.6022205615458525,0.603448275862069,False
factors_finance,6,66,emotion_aware,1,1-1,1,0.1,0.5661326625182047,0.5670498084291187,False
factors_finance,6,66,emotion_aware,2,1-1,1,1.0,0.600541558747351,0.6015325670498084,False
factors_finance,6,66,emotion_aware,3,1-1,1,10.0,0.5881090008257639,0.5881226053639848,False
factors_finance,6,66,emotion_aware,4,1-1,2,0.1,0.5681270798477689,0.5689655172413792,False
factors_finance,6,66,emotion_aware,5,1-1,2,1.0,0.6010582010582011,0.6015325670498084,False
factors_finance,6,66,emotion_aware,6,1-1,2,10.0,0.593816067653277,0.5938697318007663,False
factors_finance,6,66,emotion_aware,7,1-2,1,0.1,0.5622931285581888,0.5632183908045978,False
factors_finance,6,66,emotion_aware,8,1-2,1,1.0,0.6003827751196172,0.6015325670498084,False
factors_finance,6,66,emotion_aware,9,1-2,1,10.0,0.6161764705882353,0.6168582375478927,True
factors_finance,6,66,emotion_aware,10,1-2,2,0.1,0.5659730397927949,0.5670498084291188,False
factors_finance,6,66,emotion_aware,11,1-2,2,1.0,0.6160466039984112,0.6168582375478928,False
factors_finance,6,66,emotion_aware,12,1-2,2,10.0,0.6049928736206416,0.6053639846743295,False
factors_finance,7,77,text_only,1,1-1,1,0.1,0.5918806320773763,0.5919540229885057,False
factors_finance,7,77,text_only,2,1-1,1,1.0,0.5804212743935785,0.5804597701149425,False
factors_finance,7,77,text_only,3,1-1,1,10.0,0.5670434527304756,0.5670498084291188,False
factors_finance,7,77,text_only,4,1-1,2,0.1,0.5994389840029666,0.5996168582375478,False
factors_finance,7,77,text_only,5,1-1,2,1.0,0.5842774566473988,0.5842911877394636,False
factors_finance,7,77,text_only,6,1-1,2,10.0,0.5688879916310312,0.5689655172413793,False
factors_finance,7,77,text_only,7,1-2,1,0.1,0.5931470588235295,0.5938697318007663,False
factors_finance,7,77,text_only,8,1-2,1,1.0,0.5917007876907259,0.5919540229885057,False
factors_finance,7,77,text_only,9,1-2,1,10.0,0.5744877726371447,0.5747126436781609,False
factors_finance,7,77,text_only,10,1-2,2,0.1,0.6048941798941798,0.6053639846743295,True
factors_finance,7,77,text_only,11,1-2,2,1.0,0.5838498135527839,0.5842911877394636,False
factors_finance,7,77,text_only,12,1-2,2,10.0,0.5762784701332188,0.5766283524904214,False
factors_finance,7,77,emotion_aware,1,1-1,1,0.1,0.5514014572805266,0.5517241379310345,False
factors_finance,7,77,emotion_aware,2,1-1,1,1.0,0.5976066368108068,0.5977011494252873,True
factors_finance,7,77,emotion_aware,3,1-1,1,10.0,0.5785193123596165,0.578544061302682,False
factors_finance,7,77,emotion_aware,4,1-1,2,0.1,0.5551376052426642,0.5555555555555556,False
factors_finance,7,77,emotion_aware,5,1-1,2,1.0,0.5820748619109178,0.5823754789272031,False
factors_finance,7,77,emotion_aware,6,1-1,2,10.0,0.572757736026338,0.5727969348659003,False
factors_finance,7,77,emotion_aware,7,1-2,1,0.1,0.5552356328593254,0.5555555555555556,False
factors_finance,7,77,emotion_aware,8,1-2,1,1.0,0.5801130541139137,0.5804597701149425,False
factors_finance,7,77,emotion_aware,9,1-2,1,10.0,0.5784883720930233,0.578544061302682,False
factors_finance,7,77,emotion_aware,10,1-2,2,0.1,0.5551376052426642,0.5555555555555556,False
factors_finance,7,77,emotion_aware,11,1-2,2,1.0,0.5896527910428024,0.5900383141762452,False
factors_finance,7,77,emotion_aware,12,1-2,2,10.0,0.5801994014284928,0.5804597701149425,False
factors_finance,8,88,text_only,1,1-1,1,0.1,0.6072782522212394,0.60727969348659,False
factors_finance,8,88,text_only,2,1-1,1,1.0,0.5956652459774672,0.5957854406130267,False
factors_finance,8,88,text_only,3,1-1,1,10.0,0.587939624692047,0.5881226053639848,False
factors_finance,8,88,text_only,4,1-1,2,0.1,0.5822773658321709,0.5823754789272031,False
factors_finance,8,88,text_only,5,1-1,2,1.0,0.5689639353647751,0.5689655172413793,False
factors_finance,8,88,text_only,6,1-1,2,10.0,0.5494363822683548,0.5498084291187739,False
factors_finance,8,88,text_only,7,1-2,1,0.1,0.6168076109936576,0.6168582375478927,True
factors_finance,8,88,text_only,8,1-2,1,1.0,0.6072667217175888,0.60727969348659,False
factors_finance,8,88,text_only,9,1-2,1,10.0,0.6111096839068859,0.6111111111111112,False
factors_finance,8,88,text_only,10,1-2,2,0.1,0.5876852991421591,0.5881226053639848,False
factors_finance,8,88,text_only,11,1-2,2,1.0,0.5823509549745292,0.5823754789272031,False
factors_finance,8,88,text_only,12,1-2,2,10.0,0.563115777108876,0.5632183908045977,False
factors_finance,8,88,emotion_aware,1,1-1,1,0.1,0.5857142857142856,0.5862068965517242,False
factors_finance,8,88,emotion_aware,2,1-1,1,1.0,0.614533698267786,0.6149425287356323,False
factors_finance,8,88,emotion_aware,3,1-1,1,10.0,0.6264354106494717,0.6264367816091954,False
factors_finance,8,88,emotion_aware,4,1-1,2,0.1,0.5758048206504753,0.5766283524904214,False
factors_finance,8,88,emotion_aware,5,1-1,2,1.0,0.6069551419787775,0.60727969348659,False
factors_finance,8,88,emotion_aware,6,1-1,2,10.0,0.5804582304217144,0.5804597701149425,False
factors_finance,8,88,emotion_aware,7,1-2,1,0.1,0.5760667051296657,0.5766283524904214,False
factors_finance,8,88,emotion_aware,8,1-2,1,1.0,0.6296688391173455,0.6302681992337165,False
factors_finance,8,88,emotion_aware,9,1-2,1,10.0,0.6320974965127377,0.632183908045977,True
factors_finance,8,88,emotion_aware,10,1-2,2,0.1,0.5818783068783069,0.5823754789272031,False
factors_finance,8,88,emotion_aware,11,1-2,2,1.0,0.6181559532867966,0.6187739463601533,False
factors_finance,8,88,emotion_aware,12,1-2,2,10.0,0.601509168049092,0.6015325670498084,False
factors_finance,9,99,text_only,1,1-1,1,0.1,0.6471781007096993,0.6475095785440612,False
factors_finance,9,99,text_only,2,1-1,1,1.0,0.645592569077704,0.6455938697318008,False
factors_finance,9,99,text_only,3,1-1,1,10.0,0.6434897554527429,0.6436781609195402,False
factors_finance,9,99,text_only,4,1-1,2,0.1,0.6566332136570595,0.657088122605364,False
factors_finance,9,99,text_only,5,1-1,2,1.0,0.6665883562146685,0.6666666666666666,True
factors_finance,9,99,text_only,6,1-1,2,10.0,0.6264244426094137,0.6264367816091954,False
factors_finance,9,99,text_only,7,1-2,1,0.1,0.6352442737984907,0.6360153256704981,False
factors_finance,9,99,text_only,8,1-2,1,1.0,0.6376318138243364,0.6379310344827587,False
factors_finance,9,99,text_only,9,1-2,1,10.0,0.6359298142573966,0.6360153256704981,False
factors_finance,9,99,text_only,10,1-2,2,0.1,0.6451237124388604,0.6455938697318008,False
factors_finance,9,99,text_only,11,1-2,2,1.0,0.6474267674913736,0.6475095785440613,False
factors_finance,9,99,text_only,12,1-2,2,10.0,0.6608585534164113,0.6609195402298851,False
factors_finance,9,99,emotion_aware,1,1-1,1,0.1,0.5814907983582682,0.5823754789272031,False
factors_finance,9,99,emotion_aware,2,1-1,1,1.0,0.6201320180532482,0.6206896551724138,False
factors_finance,9,99,emotion_aware,3,1-1,1,10.0,0.632183908045977,0.632183908045977,False
factors_finance,9,99,emotion_aware,4,1-1,2,0.1,0.5774958794443137,0.578544061302682,False
factors_finance,9,99,emotion_aware,5,1-1,2,1.0,0.6299626458629467,0.6302681992337165,False
factors_finance,9,99,emotion_aware,6,1-1,2,10.0,0.6168582375478927,0.6168582375478927,False
factors_finance,9,99,emotion_aware,7,1-2,1,0.1,0.5756550270544657,0.5766283524904214,False
factors_finance,9,99,emotion_aware,8,1-2,1,1.0,0.6137504003416249,0.6149425287356322,False
factors_finance,9,99,emotion_aware,9,1-2,1,10.0,0.641065617473479,0.6417624521072798,True
factors_finance,9,99,emotion_aware,10,1-2,2,0.1,0.5794952530539728,0.5804597701149425,False
factors_finance,9,99,emotion_aware,11,1-2,2,1.0,0.6235872380503885,0.6245210727969348,False
factors_finance,9,99,emotion_aware,12,1-2,2,10.0,0.6319894249834765,0.632183908045977,False
factors_finance,10,110,text_only,1,1-1,1,0.1,0.6360153256704981,0.6360153256704981,True
factors_finance,10,110,text_only,2,1-1,1,1.0,0.6320488721804511,0.632183908045977,False
factors_finance,10,110,text_only,3,1-1,1,10.0,0.6090519266917294,0.6091954022988506,False
factors_finance,10,110,text_only,4,1-1,2,0.1,0.6243225380039656,0.6245210727969348,False
factors_finance,10,110,text_only,5,1-1,2,1.0,0.6187725472781789,0.6187739463601533,False
factors_finance,10,110,text_only,6,1-1,2,10.0,0.6110754278625408,0.6111111111111112,False
factors_finance,10,110,text_only,7,1-2,1,0.1,0.6282160479323309,0.6283524904214559,False
factors_finance,10,110,text_only,8,1-2,1,1.0,0.6320488721804511,0.632183908045977,False
factors_finance,10,110,text_only,9,1-2,1,10.0,0.6244990237385675,0.6245210727969348,False
factors_finance,10,110,text_only,10,1-2,2,0.1,0.629875640625287,0.6302681992337165,False
factors_finance,10,110,text_only,11,1-2,2,1.0,0.6283033826638478,0.6283524904214559,False
factors_finance,10,110,text_only,12,1-2,2,10.0,0.6226039789638254,0.6226053639846744,False
factors_finance,10,110,emotion_aware,1,1-1,1,0.1,0.5608369000165323,0.5613026819923372,False
factors_finance,10,110,emotion_aware,2,1-1,1,1.0,0.5898215465961666,0.5900383141762452,False
factors_finance,10,110,emotion_aware,3,1-1,1,10.0,0.6283470346447446,0.6283524904214559,False
factors_finance,10,110,emotion_aware,4,1-1,2,0.1,0.5704776878205033,0.5708812260536398,False
factors_finance,10,110,emotion_aware,5,1-1,2,1.0,0.6013862781954887,0.6015325670498084,False
factors_finance,10,110,emotion_aware,6,1-1,2,10.0,0.603446820535593,0.603448275862069,False
factors_finance,10,110,emotion_aware,7,1-2,1,0.1,0.5665343915343916,0.5670498084291188,False
factors_finance,10,110,emotion_aware,8,1-2,1,1.0,0.5819827497538828,0.5823754789272031,False
factors_finance,10,110,emotion_aware,9,1-2,1,10.0,0.6243832236842105,0.6245210727969348,False
factors_finance,10,110,emotion_aware,10,1-2,2,0.1,0.5666426671760436,0.5670498084291188,False
factors_finance,10,110,emotion_aware,11,1-2,2,1.0,0.5995448455594913,0.5996168582375478,False
factors_finance,10,110,emotion_aware,12,1-2,2,10.0,0.6340982740207646,0.6340996168582376,True
